FILE	(0.0, 0.0001]	(0.0001, 0.0005]	(0.0005, 0.001]	(0.001, 0.005]	(0.005, 0.01]	(0.01, 0.05]	(0.05, 0.1]	(0.1, 0.2]	(0.2, 0.3]	(0.3, 0.4]	(0.4, 0.5]	index	#model_id	l1	l2	beta	rho	gamma	disable_alpha	learn_rate	activation	optimizer	loss_type	n_layers	size_ratio	decay_rate	r2_pred
HRC.r1-1.EGA.GRCh37.chr22.haplotypes.17274081-17382360.vcf.VMV1	0.09265859	0.404134	0.12188168	0.13043478	0.03349964	0.05702067	0.01354241	0.03920171	0.05630791	0.00356379	0.04775481	3444799.0	model_444800	0.1	0.0	5.0	0.5	4.0	1.0	0.1	sigmoid	adam	CE	2.0	0.5	0.0	0.2486865
HRC.r1-1.EGA.GRCh37.chr22.haplotypes.17365233-17413519.vcf.VMV1	0.08659794	0.42680412	0.11340206	0.1443299	0.03092784	0.03917526	0.03298969	0.0371134	0.03092784	0.04123711	0.01649485	1200869.0	model_475870	1e-07	0.01	0.0001	0.005	5.0	1.0	0.1	relu	adam	FL	2.0	0.2	0.0	0.14001119
HRC.r1-1.EGA.GRCh37.chr22.haplotypes.17412748-17581941.vcf.VMV1	0.08095029	0.34799824	0.11306643	0.16805983	0.04575451	0.0791905	0.03299604	0.06291245	0.03255609	0.01979762	0.01671799	5885630.0	model_410631	0.1	0.0	1.0	0.5	4.0	0.0	0.1	tanh	adam	FL	4.0	0.3	0.0	0.26330796
HRC.r1-1.EGA.GRCh37.chr22.haplotypes.17578285-17676001.vcf.VMV1	0.08327645	0.3556314	0.08532423	0.15631399	0.03617747	0.06006826	0.03822526	0.05460751	0.07372014	0.03822526	0.01843003	4435630.0	model_410631	0.1	0.0	1.0	0.5	4.0	0.0	0.1	tanh	adam	FL	4.0	0.3	0.0	0.2722393
HRC.r1-1.EGA.GRCh37.chr22.haplotypes.17674645-17697516.vcf.VMV1	0.11918605	0.3372093	0.10465116	0.13372093	0.02906977	0.0872093	0.0494186	0.0494186	0.01453488	0.01744186	0.05813953	3770063.0	model_345064	0.0	0.0	5.0	0.5	0.0	1.0	1e-05	relu	adam	CE	2.0	1.0	0.25	0.20781569
HRC.r1-1.EGA.GRCh37.chr22.haplotypes.17696655-17719837.vcf.VMV1	0.12827988	0.37026239	0.09620991	0.13994169	0.01457726	0.04081633	0.03790087	0.02623907	0.04081633	0.05830904	0.04664723	5545063.0	model_345064	0.0	0.0	5.0	0.5	0.0	1.0	1e-05	relu	adam	CE	2.0	1.0	0.25	0.33052137
HRC.r1-1.EGA.GRCh37.chr22.haplotypes.17712994-17726586.vcf.VMV1	0.11538462	0.46153846	0.06410256	0.13247863	0.02564103	0.04273504	0.03418803	0.02564103	0.01282051	0.02136752	0.06410256	2068883.0	model_118884	1e-07	1e-08	1e-05	0.005	4.0	1.0	0.1	relu	adam	FL	6.0	0.7	0.25	0.119559444
HRC.r1-1.EGA.GRCh37.chr22.haplotypes.17723611-17739653.vcf.VMV1	0.07142857	0.40136054	0.09183673	0.12585034	0.03061224	0.07823129	0.05102041	0.07823129	0.02380952	0.02040816	0.02721088	5909792.0	model_59793	0.1	0.0	1e-05	0.25	4.0	1.0	0.01	sigmoid	adam	CE	8.0	1.0	0.5	0.14078774
HRC.r1-1.EGA.GRCh37.chr22.haplotypes.17736723-17780611.vcf.VMV1	0.09925926	0.40148148	0.10222222	0.23851852	0.01777778	0.04148148	0.04740741	0.03703704	0.01037037	0.00444444	0.0	5833562.0	model_233563	1e-08	0.01	0.001	0.05	5.0	0.0	0.1	tanh	adam	FL	2.0	0.5	0.25	0.121378586
HRC.r1-1.EGA.GRCh37.chr22.haplotypes.17769623-17825562.vcf.VMV1	0.09365245	0.37565036	0.11550468	0.1748179	0.04370447	0.04474506	0.00832466	0.07075963	0.04266389	0.01040583	0.01977107	3944772.0	model_394773	0.1	0.0	0.0	0.05	0.0	1.0	0.01	tanh	adam	CE	2.0	0.4	0.0	0.20489031
HRC.r1-1.EGA.GRCh37.chr22.haplotypes.17812810-17830923.vcf.VMV1	0.10839161	0.38461538	0.13286713	0.12937063	0.04545455	0.10839161	0.01048951	0.02097902	0.01048951	0.00699301	0.04195804	3646700.0	model_371701	0.1	0.0	5.0	0.25	3.0	1.0	0.001	sigmoid	adam	CE	4.0	0.3	0.25	0.11956772
HRC.r1-1.EGA.GRCh37.chr22.haplotypes.17828024-17866675.vcf.VMV1	0.08764368	0.37356322	0.0933908	0.1954023	0.04454023	0.09195402	0.02442529	0.03017241	0.00431034	0.02873563	0.02586207	4923119.0	model_398120	0.1	0.0	1.0	0.005	4.0	0.0	0.1	relu	adam	FL	6.0	1.0	0.25	0.23203447
HRC.r1-1.EGA.GRCh37.chr22.haplotypes.17861267-17990729.vcf.VMV1	0.09202195	0.34444913	0.10299705	0.15449557	0.04769945	0.09962009	0.01941748	0.088645	0.01857324	0.01350781	0.01857324	2204941.0	model_29942	0.1	0.0	1.0	0.1	3.0	0.0	0.01	leakyrelu	adam	FL	8.0	0.8	0.0	0.27289304
HRC.r1-1.EGA.GRCh37.chr22.haplotypes.17989362-18261166.vcf.VMV1	0.09225434	0.37132948	0.11144509	0.17317919	0.03468208	0.06057803	0.01849711	0.07144509	0.01294798	0.02959538	0.02404624	4262107.0	model_112108	0.1	0.0	5.0	0.5	2.0	1.0	0.01	tanh	adam	CE	6.0	1.0	0.0	0.264432
HRC.r1-1.EGA.GRCh37.chr22.haplotypes.18256932-18270928.vcf.VMV1	0.12083333	0.32083333	0.1	0.19583333	0.04166667	0.11666667	0.0375	0.00833333	0.00833333	0.025	0.025	484944.0	model_234945	0.0	1e-08	0.001	0.05	4.0	1.0	1e-05	relu	adam	CE	8.0	0.6	0.95	0.17958283
HRC.r1-1.EGA.GRCh37.chr22.haplotypes.18264115-18281874.vcf.VMV1	0.159375	0.403125	0.14375	0.15	0.034375	0.053125	0.003125	0.003125	0.03125	0.01875	0.0	2654355.0	model_404356	1e-07	1e-07	0.0	0.25	4.0	1.0	0.001	relu	adam	FL	6.0	0.2	0.0	0.10391425
HRC.r1-1.EGA.GRCh37.chr22.haplotypes.18273777-18494614.vcf.VMV1	0.09831756	0.35909569	0.11619348	0.16272345	0.04127234	0.07860147	0.01603575	0.01288118	0.06388013	0.03286015	0.0181388	3110323.0	model_410324	0.1	0.0	0.01	0.01	5.0	1.0	0.001	tanh	adam	CE	2.0	1.0	0.95	0.2845083
HRC.r1-1.EGA.GRCh37.chr22.haplotypes.18492306-18542104.vcf.VMV1	0.08700834	0.318236	0.12634088	0.15733015	0.03694875	0.07628129	0.02741359	0.04171633	0.07508939	0.02622169	0.02741359	4259027.0	model_259028	0.1	0.0	0.01	0.1	4.0	0.0	0.001	relu	adam	FL	2.0	0.4	0.0	0.24368353
HRC.r1-1.EGA.GRCh37.chr22.haplotypes.18541037-18562970.vcf.VMV1	0.0945122	0.36280488	0.10670732	0.18597561	0.03353659	0.07621951	0.02743902	0.05182927	0.03963415	0.00304878	0.01829268	169772.0	model_394773	0.1	0.0	0.0	0.05	0.0	1.0	0.01	tanh	adam	CE	2.0	0.4	0.0	0.18805328
HRC.r1-1.EGA.GRCh37.chr22.haplotypes.18555863-18876474.vcf.VMV1	0.08733154	0.41239892	0.1180593	0.1638814	0.02803235	0.08140162	0.04690027	0.02641509	0.01563342	0.01563342	0.00431267	4365360.0	model_115361	0.1	0.0	0.0001	0.05	0.5	1.0	0.1	relu	adam	CE	8.0	1.0	0.5	0.16284004
HRC.r1-1.EGA.GRCh37.chr22.haplotypes.18654075-19132352.vcf.VMV1	0.09024778	0.35326211	0.09797681	0.17390316	0.03887247	0.09638554	0.02864287	0.0484201	0.01886792	0.03341669	0.02000455	3363975.0	model_338976	0.1	0.0	5.0	0.005	2.0	1.0	0.0001	tanh	adam	CE	4.0	1.0	0.5	0.27105162
HRC.r1-1.EGA.GRCh37.chr22.haplotypes.19130866-19141076.vcf.VMV1	0.11891892	0.36756757	0.10810811	0.16756757	0.01621622	0.05945946	0.02162162	0.02702703	0.08648649	0.01621622	0.01081081	56284.0	model_500285	0.0	1e-08	1.0	0.5	4.0	1.0	1e-05	sigmoid	adam	FL	8.0	0.9	0.95	0.17778087
HRC.r1-1.EGA.GRCh37.chr22.haplotypes.19138905-19146411.vcf.VMV1	0.12230216	0.33093525	0.05755396	0.16546763	0.03597122	0.07913669	0.00719424	0.17266187	0.01438849	0.0	0.01438849	1410760.0	model_335761	0.0	0.0	0.01	0.5	0.0	1.0	1e-05	leakyrelu	adam	CE	8.0	1.0	0.5	0.31056708
HRC.r1-1.EGA.GRCh37.chr22.haplotypes.19145438-19596421.m48_19145553-19482035.VMV1	0.10111111	0.37911111	0.10511111	0.14955556	0.06066667	0.07044444	0.06933333	0.01666667	0.00977778	0.01333333	0.02488889	1436409.0	model_111410	0.1	0.0	0.01	0.1	5.0	1.0	0.01	relu	adam	CE	2.0	0.9	0.95	0.33120954
HRC.r1-1.EGA.GRCh37.chr22.haplotypes.19145438-19596421.m48_19355301-19596330.VMV1	0.10197368	0.38456938	0.09808612	0.15879187	0.03618421	0.08104067	0.04336124	0.02930622	0.01883971	0.01285885	0.03498804	5701901.0	model_426902	0.1	0.0	5.0	0.25	3.0	1.0	0.001	tanh	adam	CE	8.0	0.3	0.5	0.27039975
HRC.r1-1.EGA.GRCh37.chr22.haplotypes.19595429-19640301.vcf.VMV1	0.08737864	0.32645631	0.10679612	0.19174757	0.03640777	0.10679612	0.05218447	0.03640777	0.03033981	0.01334951	0.01213592	1498094.0	model_373095	0.1	0.0	1.0	0.25	2.0	1.0	0.001	relu	adam	CE	4.0	1.0	0.0	0.2228603
HRC.r1-1.EGA.GRCh37.chr22.haplotypes.19639584-19718556.vcf.VMV1	0.1008	0.364	0.1144	0.1488	0.056	0.0496	0.0648	0.0392	0.0248	0.024	0.0136	412913.0	model_187914	0.1	0.0	5.0	0.5	0.5	1.0	0.01	relu	adam	CE	8.0	0.9	0.0	0.20873615
HRC.r1-1.EGA.GRCh37.chr22.haplotypes.19705857-19734486.vcf.VMV1	0.15931373	0.3872549	0.12990196	0.14705882	0.03186275	0.05392157	0.01715686	0.0122549	0.00735294	0.03676471	0.01715686	5691975.0	model_16976	1e-07	1e-07	5.0	0.01	4.0	0.0	0.1	tanh	adam	CE	2.0	1.0	0.95	0.10834859
HRC.r1-1.EGA.GRCh37.chr22.haplotypes.19732201-20228653.m56.1_19732210-19911923.VMV1	0.08931639	0.37753349	0.1147372	0.18103744	0.03710065	0.06320852	0.02816901	0.05530745	0.02542082	0.01339746	0.01477156	850083.0	model_84	0.1	0.0	0.01	0.01	0.0	1.0	0.0001	tanh	adam	CE	4.0	1.0	0.95	0.37649983
HRC.r1-1.EGA.GRCh37.chr22.haplotypes.19732201-20228653.m56.3_19911923-20228616.VMV1	0.10219714	0.36222536	0.09917355	0.15379964	0.03890345	0.05764967	0.04192703	0.04978835	0.03688772	0.02842169	0.02902641	5975083.0	model_84	0.1	0.0	0.01	0.01	0.0	1.0	0.0001	tanh	adam	CE	4.0	1.0	0.95	0.47000152
HRC.r1-1.EGA.GRCh37.chr22.haplotypes.20227467-20247236.vcf.VMV1	0.09507042	0.38732394	0.12676056	0.25	0.03873239	0.02112676	0.00704225	0.02464789	0.01760563	0.02112676	0.01056338	238014.0	model_238015	1e-08	0.1	1e-05	0.25	4.0	0.0	0.1	sigmoid	adam	FL	8.0	0.2	0.0	0.10126041
HRC.r1-1.EGA.GRCh37.chr22.haplotypes.20244994-20279040.vcf.VMV1	0.12355848	0.38550247	0.10543657	0.18616145	0.06260297	0.03789127	0.00823723	0.04942339	0.01647446	0.00494234	0.01976936	4402033.0	model_127034	0.1	0.0	0.0	0.1	0.0	0.0	1e-05	sigmoid	adam	FL	2.0	0.2	0.95	0.17317899
HRC.r1-1.EGA.GRCh37.chr22.haplotypes.20277049-20294122.vcf.VMV1	0.11788618	0.41463415	0.15853659	0.13414634	0.03658537	0.04471545	0.02439024	0.04878049	0.00813008	0.0	0.01219512	913920.0	model_338921	1e-07	1e-08	5.0	0.25	5.0	0.0	0.1	relu	adam	CE	6.0	0.3	0.95	0.13728715
HRC.r1-1.EGA.GRCh37.chr22.haplotypes.20292848-20724058.vcf.VMV1	0.11979167	0.47916667	0.18359375	0.1015625	0.01822917	0.03645833	0.00520833	0.01041667	0.01302083	0.01171875	0.02083333	1737921.0	model_112922	0.0	0.001	1.0	0.01	5.0	1.0	0.1	relu	adam	FL	4.0	0.9	0.5	0.08962587
HRC.r1-1.EGA.GRCh37.chr22.haplotypes.20718709-20956953.vcf.VMV1	0.10724722	0.38720047	0.10432496	0.17825833	0.02746932	0.03477499	0.05201636	0.03389831	0.03974284	0.01841029	0.01665693	3050083.0	model_84	0.1	0.0	0.01	0.01	0.0	1.0	0.0001	tanh	adam	CE	4.0	1.0	0.95	0.4224417
HRC.r1-1.EGA.GRCh37.chr22.haplotypes.20949653-20968653.vcf.VMV1	0.11839323	0.35729387	0.11839323	0.19661734	0.03805497	0.06976744	0.00422833	0.02748414	0.03382664	0.03382664	0.00211416	1094388.0	model_394389	0.0	0.001	1.0	0.05	4.0	1.0	1e-05	sigmoid	adam	FL	2.0	1.0	0.95	0.120222166
HRC.r1-1.EGA.GRCh37.chr22.haplotypes.20968016-21317546.vcf.VMV1	0.09089101	0.40771679	0.11316627	0.15552904	0.05031822	0.05071599	0.02863962	0.02406523	0.01054097	0.03599841	0.03241846	800083.0	model_84	0.1	0.0	0.01	0.01	0.0	1.0	0.0001	tanh	adam	CE	4.0	1.0	0.95	0.42632437
HRC.r1-1.EGA.GRCh37.chr22.haplotypes.21314949-21322994.vcf.VMV1	0.08888889	0.42222222	0.08888889	0.13333333	0.08148148	0.02962963	0.05925926	0.00740741	0.00740741	0.02962963	0.05185185	3664253.0	model_339254	0.0	1e-08	5.0	0.05	4.0	0.0	1e-05	relu	adam	CE	8.0	1.0	0.25	0.13670565
HRC.r1-1.EGA.GRCh37.chr22.haplotypes.21321577-21343101.vcf.VMV1	0.1260745	0.38108883	0.08882521	0.13467049	0.05444126	0.05157593	0.04584527	0.0286533	0.01719198	0.01146132	0.06017192	3659778.0	model_434779	1e-07	1e-07	5.0	0.05	5.0	1.0	1e-05	leakyrelu	adam	CE	4.0	0.2	0.75	0.16734672
HRC.r1-1.EGA.GRCh37.chr22.haplotypes.21341298-21418006.vcf.VMV1	0.09827044	0.38600629	0.10298742	0.14937107	0.03930818	0.06367925	0.02122642	0.0668239	0.02201258	0.03773585	0.01257862	6139119.0	model_114120	0.1	0.0	0.0	0.1	0.5	1.0	0.01	sigmoid	adam	CE	6.0	0.5	0.75	0.2241974
HRC.r1-1.EGA.GRCh37.chr22.haplotypes.21416784-21458353.vcf.VMV1	0.08559201	0.31526391	0.12268188	0.17546362	0.04564907	0.09415121	0.02710414	0.03851641	0.0342368	0.03994294	0.021398	1823094.0	model_373095	0.1	0.0	1.0	0.25	2.0	1.0	0.001	relu	adam	CE	4.0	1.0	0.0	0.23737743
HRC.r1-1.EGA.GRCh37.chr22.haplotypes.21455817-21798629.vcf.VMV1	0.09382151	0.44851259	0.14874142	0.11441648	0.04118993	0.0389016	0.01830664	0.01372998	0.02974828	0.01830664	0.03432494	3315982.0	model_65983	1e-08	0.001	5.0	0.005	5.0	1.0	1e-05	sigmoid	adam	FL	4.0	0.2	0.25	0.09767901
HRC.r1-1.EGA.GRCh37.chr22.haplotypes.21465807-22360301.m82_21465835-22171436.VMV1	0.10577778	0.404	0.13488889	0.14622222	0.03111111	0.07	0.01911111	0.02177778	0.03177778	0.02133333	0.014	500083.0	model_84	0.1	0.0	0.01	0.01	0.0	1.0	0.0001	tanh	adam	CE	4.0	1.0	0.95	0.3555501
HRC.r1-1.EGA.GRCh37.chr22.haplotypes.21465807-22360301.m82_22071588-22360243.VMV1	0.11158901	0.40860215	0.13882915	0.14097969	0.02771804	0.0516129	0.03894863	0.03823178	0.01242533	0.00955795	0.02150538	3593047.0	model_43048	0.1	0.0	1.0	0.5	1.0	1.0	0.0001	sigmoid	adam	CE	2.0	0.9	0.95	0.24519706
HRC.r1-1.EGA.GRCh37.chr22.haplotypes.22358167-22395394.vcf.VMV1	0.09235669	0.35191083	0.08598726	0.2133758	0.03980892	0.12898089	0.06050955	0.02229299	0.00159236	0.0	0.00318471	3589857.0	model_414858	0.1	0.0	0.0	0.25	2.0	0.0	0.01	sigmoid	adam	FL	8.0	0.2	0.0	0.2674213
HRC.r1-1.EGA.GRCh37.chr22.haplotypes.22394185-22404470.vcf.VMV1	0.09289617	0.31147541	0.12021858	0.20765027	0.04371585	0.03825137	0.08743169	0.03825137	0.01092896	0.01092896	0.03825137	959944.0	model_234945	0.0	1e-08	0.001	0.05	4.0	1.0	1e-05	relu	adam	CE	8.0	0.6	0.95	0.16266589
HRC.r1-1.EGA.GRCh37.chr22.haplotypes.22403663-22558099.vcf.VMV1	0.0818608	0.27082582	0.13198702	0.14857555	0.06274793	0.08077894	0.0212766	0.06527227	0.06310855	0.03534079	0.03822575	2325083.0	model_84	0.1	0.0	0.01	0.01	0.0	1.0	0.0001	tanh	adam	CE	4.0	1.0	0.95	0.50450397
HRC.r1-1.EGA.GRCh37.chr22.haplotypes.22558052-22757397.vcf.VMV1	0.08645628	0.32445759	0.09467456	0.18770546	0.03550296	0.0486522	0.01972387	0.07100592	0.0591716	0.0348455	0.03780408	4600083.0	model_84	0.1	0.0	0.01	0.01	0.0	1.0	0.0001	tanh	adam	CE	4.0	1.0	0.95	0.45747563
HRC.r1-1.EGA.GRCh37.chr22.haplotypes.22755820-22888255.vcf.VMV1	0.08970252	0.29702517	0.09244851	0.17482838	0.04118993	0.11075515	0.07551487	0.05675057	0.01006865	0.02883295	0.0228833	6014365.0	model_64366	0.1	0.0	5.0	0.005	2.0	0.0	1e-05	relu	adam	CE	6.0	0.8	0.95	0.42111313
HRC.r1-1.EGA.GRCh37.chr22.haplotypes.22886646-23022388.vcf.VMV1	0.09192607	0.32928016	0.09533074	0.19163424	0.03939689	0.0651751	0.06031128	0.02772374	0.03550584	0.02918288	0.03453307	4843047.0	model_43048	0.1	0.0	1.0	0.5	1.0	1.0	0.0001	sigmoid	adam	CE	2.0	0.9	0.95	0.36182937
HRC.r1-1.EGA.GRCh37.chr22.haplotypes.23022266-23046640.vcf.VMV1	0.08767773	0.34123223	0.10663507	0.09952607	0.02606635	0.13981043	0.01895735	0.07345972	0.03554502	0.03317536	0.03791469	3039181.0	model_239182	0.1	0.0	5.0	0.5	5.0	0.0	1e-05	sigmoid	adam	FL	2.0	0.8	0.25	0.28565392
HRC.r1-1.EGA.GRCh37.chr22.haplotypes.23045925-23154320.vcf.VMV1	0.08897677	0.31389026	0.10133465	0.17103312	0.04003955	0.0771132	0.01235788	0.06080079	0.04448838	0.05684627	0.03311913	2251132.0	model_226133	0.1	0.0	5.0	0.005	0.5	0.0	0.1	relu	adam	FL	8.0	0.4	0.25	0.277085
HRC.r1-1.EGA.GRCh37.chr22.haplotypes.23152772-23221729.vcf.VMV1	0.1049505	0.35643564	0.1009901	0.1980198	0.04356436	0.04851485	0.00891089	0.04950495	0.01782178	0.0049505	0.06633663	4419772.0	model_394773	0.1	0.0	0.0	0.05	0.0	1.0	0.01	tanh	adam	CE	2.0	0.4	0.0	0.19117391
HRC.r1-1.EGA.GRCh37.chr22.haplotypes.23220882-23231515.vcf.VMV1	0.09677419	0.38172043	0.09139785	0.13978495	0.04301075	0.04301075	0.02150538	0.02688172	0.08602151	0.05376344	0.01612903	1541594.0	model_241595	0.1	0.0	1.0	0.5	2.0	1.0	0.01	tanh	adam	CE	8.0	0.2	0.0	0.1253959
HRC.r1-1.EGA.GRCh37.chr22.haplotypes.23230752-23288079.vcf.VMV1	0.09897959	0.32857143	0.15714286	0.17755102	0.03877551	0.05714286	0.04183673	0.00816327	0.04183673	0.02653061	0.02346939	5865662.0	model_190663	0.1	0.0	1.0	0.01	2.0	1.0	0.1	relu	adam	FL	6.0	0.9	0.5	0.20194441
HRC.r1-1.EGA.GRCh37.chr22.haplotypes.23285473-23832540.m106.1_23285474-23584647.VMV1	0.09197475	0.39449955	0.11271416	0.18056808	0.0581605	0.04170424	0.00586114	0.02276826	0.04711452	0.00924256	0.03539225	6125083.0	model_84	0.1	0.0	0.01	0.01	0.0	1.0	0.0001	tanh	adam	CE	4.0	1.0	0.95	0.2696055
HRC.r1-1.EGA.GRCh37.chr22.haplotypes.23285473-23832540.m106.2_23584647-23832509.VMV1	0.07997371	0.38365469	0.10648554	0.15622261	0.03680982	0.08720421	0.03418054	0.02388256	0.03089395	0.03220859	0.02848379	1700083.0	model_84	0.1	0.0	0.01	0.01	0.0	1.0	0.0001	tanh	adam	CE	4.0	1.0	0.95	0.4336273
HRC.r1-1.EGA.GRCh37.chr22.haplotypes.23831416-23850214.vcf.VMV1	0.07619048	0.33015873	0.05079365	0.23492063	0.04761905	0.04444444	0.0031746	0.05079365	0.11111111	0.0031746	0.04761905	5315816.0	model_465817	0.0	1e-07	0.001	0.5	5.0	0.0	0.0001	relu	adam	FL	6.0	1.0	0.25	0.29454005
HRC.r1-1.EGA.GRCh37.chr22.haplotypes.23849423-23877473.vcf.VMV1	0.08345324	0.30647482	0.10071942	0.18561151	0.02158273	0.13381295	0.00863309	0.05323741	0.05899281	0.01726619	0.03021583	183104.0	model_358105	0.1	0.0	0.1	0.005	4.0	0.0	0.0001	relu	adam	CE	2.0	1.0	0.0	0.36612606
HRC.r1-1.EGA.GRCh37.chr22.haplotypes.23875209-23925605.vcf.VMV1	0.08807135	0.35451505	0.12151616	0.18506132	0.03567447	0.07469342	0.04347826	0.05351171	0.01783724	0.01895206	0.00668896	4568047.0	model_43048	0.1	0.0	1.0	0.5	1.0	1.0	0.0001	sigmoid	adam	CE	2.0	0.9	0.95	0.19295414
HRC.r1-1.EGA.GRCh37.chr22.haplotypes.23923907-23935349.vcf.VMV1	0.08474576	0.36158192	0.11299435	0.15819209	0.04519774	0.06214689	0.02824859	0.01129944	0.03954802	0.09039548	0.00564972	3382536.0	model_257537	1e-08	1e-06	0.01	0.5	5.0	1.0	0.001	leakyrelu	adam	FL	2.0	1.0	0.95	0.18037057
HRC.r1-1.EGA.GRCh37.chr22.haplotypes.23933215-24191066.vcf.VMV1	0.08261265	0.36731907	0.09649522	0.17387346	0.04688211	0.06121985	0.02275831	0.08784706	0.02412381	0.01684115	0.02002731	3250083.0	model_84	0.1	0.0	0.01	0.01	0.0	1.0	0.0001	tanh	adam	CE	4.0	1.0	0.95	0.46632415
HRC.r1-1.EGA.GRCh37.chr22.haplotypes.24190064-24209904.vcf.VMV1	0.07260726	0.32343234	0.12871287	0.1980198	0.01980198	0.06270627	0.07920792	0.00990099	0.04290429	0.05280528	0.00990099	2077534.0	model_202535	0.0	1e-08	0.01	0.5	5.0	1.0	0.0001	sigmoid	adam	CE	6.0	1.0	0.0	0.27460104
HRC.r1-1.EGA.GRCh37.chr22.haplotypes.24209070-24407408.vcf.VMV1	0.07435441	0.33437222	0.09795191	0.22484417	0.05209261	0.06901158	0.02804987	0.04986643	0.0222618	0.02493321	0.0222618	5775490.0	model_450491	0.1	0.0	1.0	0.01	0.0	1.0	0.0001	tanh	adam	CE	6.0	1.0	0.95	0.34134027
HRC.r1-1.EGA.GRCh37.chr22.haplotypes.24406135-24986247.m122_24406143-24765379.VMV1	0.10044444	0.39288889	0.11022222	0.194	0.04333333	0.08555556	0.03022222	0.02244444	0.01311111	0.00133333	0.00644444	2128155.0	model_378156	0.1	0.0	5.0	0.1	2.0	1.0	0.0001	sigmoid	adam	CE	6.0	1.0	0.95	0.23989779
HRC.r1-1.EGA.GRCh37.chr22.haplotypes.24406135-24986247.m122_24643925-24986145.VMV1	0.10470134	0.39359528	0.09516239	0.17669771	0.05927777	0.11378605	0.00840336	0.0127186	0.01112878	0.00068135	0.02384738	2600083.0	model_84	0.1	0.0	0.01	0.01	0.0	1.0	0.0001	tanh	adam	CE	4.0	1.0	0.95	0.45930967
HRC.r1-1.EGA.GRCh37.chr22.haplotypes.24980984-25283755.vcf.VMV1	0.08028887	0.34876805	0.11193713	0.21813934	0.0335599	0.05649958	0.02463891	0.03271028	0.02209006	0.03993203	0.03143585	106817.0	model_406818	0.1	0.0	1e-05	0.5	0.0	1.0	0.1	sigmoid	adam	CE	6.0	1.0	0.75	0.21892503
HRC.r1-1.EGA.GRCh37.chr22.haplotypes.25281649-25425421.vcf.VMV1	0.1035503	0.34664694	0.12080868	0.20069034	0.03846154	0.0586785	0.01972387	0.04043393	0.0295858	0.02712032	0.0142998	5100083.0	model_84	0.1	0.0	0.01	0.01	0.0	1.0	0.0001	tanh	adam	CE	4.0	1.0	0.95	0.30546308
HRC.r1-1.EGA.GRCh37.chr22.haplotypes.25415310-25629529.vcf.VMV1	0.08681786	0.38944011	0.10418143	0.12579731	0.0453579	0.07335223	0.02019844	0.05173636	0.04075124	0.03649894	0.02586818	2468047.0	model_43048	0.1	0.0	1.0	0.5	1.0	1.0	0.0001	sigmoid	adam	CE	2.0	0.9	0.95	0.41215482
HRC.r1-1.EGA.GRCh37.chr22.haplotypes.25628241-25647225.vcf.VMV1	0.09580838	0.32335329	0.11976048	0.18562874	0.07185629	0.03892216	0.00598802	0.00898204	0.07784431	0.01497006	0.05688623	4284944.0	model_234945	0.0	1e-08	0.001	0.05	4.0	1.0	1e-05	relu	adam	CE	8.0	0.6	0.95	0.1499947
HRC.r1-1.EGA.GRCh37.chr22.haplotypes.25645064-25664034.vcf.VMV1	0.09392265	0.3038674	0.12983425	0.19337017	0.06906077	0.02762431	0.03038674	0.07734807	0.03038674	0.01933702	0.02486188	4550083.0	model_84	0.1	0.0	0.01	0.01	0.0	1.0	0.0001	tanh	adam	CE	4.0	1.0	0.95	0.20670354
HRC.r1-1.EGA.GRCh37.chr22.haplotypes.25662368-26166548.m134.1_25662422-25814131.VMV1	0.08837366	0.33366935	0.11693548	0.18716398	0.0530914	0.10080645	0.01680108	0.0500672	0.02419355	0.00739247	0.02150538	4400083.0	model_84	0.1	0.0	0.01	0.01	0.0	1.0	0.0001	tanh	adam	CE	4.0	1.0	0.95	0.34963349
HRC.r1-1.EGA.GRCh37.chr22.haplotypes.25662368-26166548.m134.2_25814131-26166425.VMV1	0.1003299	0.38036095	0.11236173	0.16766932	0.03764797	0.11682515	0.02678052	0.0141665	0.01591306	0.01261401	0.01533088	720315.0	model_470316	0.1	0.0	1e-05	0.25	1.0	1.0	0.01	sigmoid	adam	CE	6.0	0.7	0.5	0.2691862
HRC.r1-1.EGA.GRCh37.chr22.haplotypes.26164963-26282143.vcf.VMV1	0.10567901	0.30074074	0.09432099	0.18074074	0.03753086	0.13382716	0.01580247	0.0162963	0.04839506	0.04888889	0.01777778	5030744.0	model_255745	0.1	0.0	5.0	0.01	5.0	0.0	1e-05	relu	adam	FL	4.0	1.0	0.95	0.2919156
HRC.r1-1.EGA.GRCh37.chr22.haplotypes.26278573-26330422.vcf.VMV1	0.1120797	0.40224159	0.08966376	0.15940224	0.03237858	0.06973848	0.03860523	0.02241594	0.00871731	0.02988792	0.03486924	5216112.0	model_366113	0.1	0.0	0.0	0.01	5.0	0.0	0.1	relu	adam	FL	8.0	0.9	0.0	0.26340145
HRC.r1-1.EGA.GRCh37.chr22.haplotypes.26329135-26355838.vcf.VMV1	0.09823678	0.37279597	0.12342569	0.20906801	0.04282116	0.02770781	0.01007557	0.06801008	0.00503778	0.0302267	0.01259446	1601450.0	model_401451	1e-08	1e-07	5.0	0.25	5.0	1.0	0.1	sigmoid	adam	FL	6.0	0.9	0.5	0.13825293
HRC.r1-1.EGA.GRCh37.chr22.haplotypes.26350402-26421209.vcf.VMV1	0.08293153	0.33172613	0.15236258	0.19286403	0.02796528	0.06557377	0.02700096	0.04243009	0.02217936	0.01542912	0.03953713	1498119.0	model_398120	0.1	0.0	1.0	0.005	4.0	0.0	0.1	relu	adam	FL	6.0	1.0	0.25	0.22880425
HRC.r1-1.EGA.GRCh37.chr22.haplotypes.26420111-26458261.vcf.VMV1	0.10447761	0.33996683	0.11276949	0.19900498	0.03482587	0.07131012	0.07960199	0.04477612	0.00829187	0.0	0.00497512	4039365.0	model_64366	0.1	0.0	5.0	0.005	2.0	0.0	1e-05	relu	adam	CE	6.0	0.8	0.95	0.22303353
HRC.r1-1.EGA.GRCh37.chr22.haplotypes.26457208-26471102.vcf.VMV1	0.13661202	0.44262295	0.09836066	0.16393443	0.01639344	0.04918033	0.01639344	0.03278689	0.03825137	0.0	0.00546448	966474.0	model_66475	0.0	0.001	0.001	0.25	4.0	1.0	0.0001	relu	adam	FL	6.0	0.2	0.0	0.1204028
HRC.r1-1.EGA.GRCh37.chr22.haplotypes.26467073-26738327.vcf.VMV1	0.10960257	0.33547272	0.09750679	0.20439398	0.03209084	0.06640336	0.03233769	0.04517403	0.04023698	0.02295729	0.01382375	1750083.0	model_84	0.1	0.0	0.01	0.01	0.0	1.0	0.0001	tanh	adam	CE	4.0	1.0	0.95	0.42659393
HRC.r1-1.EGA.GRCh37.chr22.haplotypes.26737346-26793278.vcf.VMV1	0.09483667	0.30347734	0.12961012	0.1317176	0.08640674	0.09589041	0.00632244	0.03898841	0.03898841	0.03477345	0.03898841	2670540.0	model_420541	0.1	0.0	5.0	0.005	5.0	1.0	0.0001	tanh	adam	CE	8.0	0.7	0.25	0.26956448
HRC.r1-1.EGA.GRCh37.chr22.haplotypes.26791772-27117935.vcf.VMV1	0.1113951	0.35250266	0.09222577	0.16932907	0.03365282	0.0600639	0.03982961	0.05835996	0.02428115	0.03322684	0.02513312	4475083.0	model_84	0.1	0.0	0.01	0.01	0.0	1.0	0.0001	tanh	adam	CE	4.0	1.0	0.95	0.42594087
HRC.r1-1.EGA.GRCh37.chr22.haplotypes.27117120-27162414.vcf.VMV1	0.10618067	0.37559429	0.08716323	0.16957211	0.03961965	0.05071315	0.02852615	0.05071315	0.00950872	0.05071315	0.03169572	966112.0	model_366113	0.1	0.0	0.0	0.01	5.0	0.0	0.1	relu	adam	FL	8.0	0.9	0.0	0.1578878
HRC.r1-1.EGA.GRCh37.chr22.haplotypes.27160469-27183015.vcf.VMV1	0.13473054	0.33832335	0.10778443	0.19461078	0.04790419	0.04191617	0.00299401	0.02994012	0.03293413	0.05389222	0.01497006	4481043.0	model_481044	1e-08	0.001	5.0	0.005	5.0	0.0	1e-05	sigmoid	adam	CE	6.0	0.4	0.75	0.15901716
HRC.r1-1.EGA.GRCh37.chr22.haplotypes.27180051-27202752.vcf.VMV1	0.08215297	0.43909348	0.07365439	0.1388102	0.07932011	0.03966006	0.00566572	0.02549575	0.03966006	0.03399433	0.04249292	5117131.0	model_492132	0.0	1e-08	5.0	0.01	5.0	0.0	0.0001	relu	adam	FL	2.0	0.2	0.0	0.20386423
HRC.r1-1.EGA.GRCh37.chr22.haplotypes.27196876-27211959.vcf.VMV1	0.0720339	0.44915254	0.08898305	0.1059322	0.05932203	0.04661017	0.00423729	0.00847458	0.13135593	0.01694915	0.01694915	3439802.0	model_464803	0.0	0.0	0.1	0.25	0.0	1.0	0.001	relu	adam	CE	8.0	0.7	0.95	0.3729258
HRC.r1-1.EGA.GRCh37.chr22.haplotypes.27210838-27224300.vcf.VMV1	0.06060606	0.47979798	0.11111111	0.14141414	0.03030303	0.03535354	0.0	0.00505051	0.06060606	0.07070707	0.00505051	40389.0	model_440390	1e-06	0.01	0.0001	0.005	4.0	0.0	1e-05	sigmoid	adam	CE	4.0	0.4	0.5	0.18413612
HRC.r1-1.EGA.GRCh37.chr22.haplotypes.27222172-27299388.vcf.VMV1	0.10182975	0.38186158	0.1097852	0.14956245	0.0318218	0.05330151	0.03341289	0.01352426	0.05250597	0.04455052	0.02784407	5269799.0	model_444800	0.1	0.0	5.0	0.5	4.0	1.0	0.1	sigmoid	adam	CE	2.0	0.5	0.0	0.21382923
HRC.r1-1.EGA.GRCh37.chr22.haplotypes.27294018-27366336.vcf.VMV1	0.10612245	0.32163265	0.10122449	0.16081633	0.02612245	0.08489796	0.02367347	0.06122449	0.04734694	0.01959184	0.04734694	361232.0	model_161233	0.1	0.0	1e-05	0.01	0.0	0.0	0.01	leakyrelu	adam	CE	6.0	0.3	0.5	0.2995791
HRC.r1-1.EGA.GRCh37.chr22.haplotypes.27365385-27405830.vcf.VMV1	0.09798271	0.34149856	0.11527378	0.13832853	0.03602305	0.0518732	0.04034582	0.11527378	0.02449568	0.0129683	0.0259366	4044367.0	model_269368	0.1	0.0	1.0	0.05	5.0	1.0	0.0001	leakyrelu	adam	CE	6.0	0.5	0.75	0.25079834
HRC.r1-1.EGA.GRCh37.chr22.haplotypes.27404370-27428893.vcf.VMV1	0.1319797	0.29441624	0.11675127	0.15482234	0.05329949	0.03553299	0.05837563	0.04568528	0.04568528	0.03299492	0.03045685	1550869.0	model_475870	1e-07	0.01	0.0001	0.005	5.0	1.0	0.1	relu	adam	FL	2.0	0.2	0.0	0.16403843
HRC.r1-1.EGA.GRCh37.chr22.haplotypes.27427192-27533098.vcf.VMV1	0.10025316	0.34987342	0.1235443	0.16556962	0.02582278	0.04455696	0.03443038	0.04101266	0.0556962	0.04607595	0.01316456	1884348.0	model_159349	1e-07	0.0	0.0001	0.01	0.0	1.0	1e-05	leakyrelu	adam	CE	8.0	0.4	0.95	0.19369519
HRC.r1-1.EGA.GRCh37.chr22.haplotypes.27529267-27645022.vcf.VMV1	0.10238569	0.36928429	0.11978131	0.14811133	0.04572565	0.07803181	0.04224652	0.027833	0.02385686	0.01441352	0.02833002	1298583.0	model_373584	0.1	0.0	0.01	0.1	0.0	1.0	0.0001	leakyrelu	adam	CE	2.0	0.7	0.25	0.22331113
HRC.r1-1.EGA.GRCh37.chr22.haplotypes.27643803-27657207.vcf.VMV1	0.09251101	0.41409692	0.0660793	0.14096916	0.05286344	0.04845815	0.04405286	0.03964758	0.05286344	0.04405286	0.00440529	1392797.0	model_367798	0.0	1e-08	0.1	0.25	5.0	1.0	1e-05	tanh	adam	CE	8.0	1.0	0.95	0.15331215
HRC.r1-1.EGA.GRCh37.chr22.haplotypes.27654931-27670616.vcf.VMV1	0.08305648	0.35215947	0.11295681	0.16611296	0.02990033	0.05980066	0.00996678	0.05980066	0.01328904	0.04651163	0.06644518	5089103.0	model_339104	0.1	0.0	5.0	0.5	5.0	1.0	0.0001	tanh	adam	CE	6.0	0.5	0.0	0.21321224
HRC.r1-1.EGA.GRCh37.chr22.haplotypes.27670184-27682612.vcf.VMV1	0.09777778	0.38666667	0.10666667	0.13777778	0.03111111	0.13777778	0.03555556	0.05333333	0.00444444	0.00888889	0.0	4226167.0	model_426168	0.1	0.1	0.0	0.05	5.0	0.0	0.1	sigmoid	adam	CE	8.0	0.4	0.0	0.19424795
HRC.r1-1.EGA.GRCh37.chr22.haplotypes.27675349-27696962.vcf.VMV1	0.0931677	0.40062112	0.09006211	0.17391304	0.02795031	0.11490683	0.0310559	0.04347826	0.01242236	0.00310559	0.00931677	5906320.0	model_156321	0.1	0.0	5.0	0.005	3.0	0.0	0.1	sigmoid	adam	FL	4.0	0.7	0.0	0.19291109
HRC.r1-1.EGA.GRCh37.chr22.haplotypes.27693994-27774502.vcf.VMV1	0.11422565	0.28731605	0.08549404	0.16257884	0.06166783	0.10371409	0.02522775	0.06026629	0.04414856	0.04134548	0.01401542	3305744.0	model_255745	0.1	0.0	5.0	0.01	5.0	0.0	1e-05	relu	adam	FL	4.0	1.0	0.95	0.30066672
HRC.r1-1.EGA.GRCh37.chr22.haplotypes.27773509-27793322.vcf.VMV1	0.06806283	0.35602094	0.05235602	0.15183246	0.04712042	0.10471204	0.04973822	0.04973822	0.06806283	0.01832461	0.03403141	4064624.0	model_239625	0.1	0.0	5.0	0.01	5.0	0.0	1e-05	leakyrelu	adam	CE	4.0	0.5	0.5	0.2554206
HRC.r1-1.EGA.GRCh37.chr22.haplotypes.27792485-27836066.vcf.VMV1	0.09220779	0.37662338	0.09480519	0.15064935	0.03116883	0.09090909	0.01688312	0.05454545	0.04415584	0.01688312	0.03116883	2109091.0	model_134092	0.1	0.0	1.0	0.005	3.0	1.0	0.1	sigmoid	adam	CE	6.0	0.3	0.0	0.2571184
HRC.r1-1.EGA.GRCh37.chr22.haplotypes.27829613-27948628.vcf.VMV1	0.08925049	0.36143984	0.09122288	0.14447732	0.03599606	0.0887574	0.04585799	0.03254438	0.03599606	0.05522682	0.01923077	5103217.0	model_28218	0.1	0.0	0.0	0.25	3.0	1.0	0.0001	relu	adam	CE	4.0	0.9	0.5	0.23347892
HRC.r1-1.EGA.GRCh37.chr22.haplotypes.27940415-28149426.vcf.VMV1	0.09876914	0.36565596	0.09396578	0.14109877	0.03572501	0.09216452	0.03662564	0.05253678	0.03362354	0.02821975	0.02161513	1300083.0	model_84	0.1	0.0	0.01	0.01	0.0	1.0	0.0001	tanh	adam	CE	4.0	1.0	0.95	0.4333618
HRC.r1-1.EGA.GRCh37.chr22.haplotypes.28144324-28168534.vcf.VMV1	0.1	0.35405405	0.11081081	0.22432432	0.03243243	0.04864865	0.02702703	0.04864865	0.01351351	0.03783784	0.0027027	2670649.0	model_345650	1e-07	1e-08	5.0	0.5	5.0	0.0	0.01	tanh	adam	CE	4.0	0.3	0.5	0.1327664
HRC.r1-1.EGA.GRCh37.chr22.haplotypes.28166665-28198163.vcf.VMV1	0.12318841	0.38647343	0.11835749	0.16425121	0.05072464	0.07246377	0.00966184	0.02173913	0.03381643	0.00966184	0.00966184	4031255.0	model_231256	1e-08	0.0001	1.0	0.1	4.0	0.0	1e-05	sigmoid	adam	CE	4.0	0.2	0.95	0.095005564
HRC.r1-1.EGA.GRCh37.chr22.haplotypes.28191154-29457602.m198_28191192-28606789.VMV1	0.12844444	0.37377778	0.11933333	0.17088889	0.03333333	0.07288889	0.06377778	0.018	0.00866667	0.00466667	0.00622222	1825490.0	model_450491	0.1	0.0	1.0	0.01	0.0	1.0	0.0001	tanh	adam	CE	6.0	1.0	0.95	0.24690345
HRC.r1-1.EGA.GRCh37.chr22.haplotypes.28191154-29457602.m198_28470509-29043563.VMV1	0.12664556	0.39626729	0.11414764	0.17613731	0.03816031	0.07132145	0.03582736	0.01766372	0.01049825	0.00749875	0.00583236	2775083.0	model_84	0.1	0.0	0.01	0.01	0.0	1.0	0.0001	tanh	adam	CE	4.0	1.0	0.95	0.34502357
HRC.r1-1.EGA.GRCh37.chr22.haplotypes.28191154-29457602.m198_28898687-29404111.VMV1	0.10264956	0.37677054	0.12814531	0.18496917	0.03116147	0.07815364	0.02616231	0.03582736	0.0089985	0.02016331	0.00699883	3825083.0	model_84	0.1	0.0	0.01	0.01	0.0	1.0	0.0001	tanh	adam	CE	4.0	1.0	0.95	0.3034558
HRC.r1-1.EGA.GRCh37.chr22.haplotypes.28191154-29457602.m198_29282303-29457582.VMV1	0.10451094	0.39169272	0.11701653	0.1773113	0.03707012	0.09021885	0.00937919	0.01652523	0.00357302	0.01875837	0.03394372	4227701.0	model_252702	0.1	0.0	1.0	0.1	0.0	1.0	0.1	leakyrelu	adam	FL	8.0	1.0	0.0	0.28463507
HRC.r1-1.EGA.GRCh37.chr22.haplotypes.29456546-32665772.m200.1_29456671-29622806.VMV1	0.08354115	0.33998337	0.10432253	0.22485453	0.03782211	0.06109726	0.05735661	0.03034081	0.01704073	0.02036575	0.02327515	3000083.0	model_84	0.1	0.0	0.01	0.01	0.0	1.0	0.0001	tanh	adam	CE	4.0	1.0	0.95	0.39989492
HRC.r1-1.EGA.GRCh37.chr22.haplotypes.29456546-32665772.m200.2_29622806-29651575.VMV1	0.08101266	0.35696203	0.06582278	0.15696203	0.02025316	0.07848101	0.04303797	0.07341772	0.01772152	0.03037975	0.07594937	965006.0	model_365007	0.1	0.0	5.0	0.01	1.0	0.0	1e-05	relu	adam	CE	4.0	0.5	0.0	0.32947937
HRC.r1-1.EGA.GRCh37.chr22.haplotypes.29456546-32665772.m200.3_29651629-29995247.VMV1	0.098	0.378	0.11422222	0.18577778	0.04022222	0.05377778	0.01488889	0.04311111	0.038	0.01888889	0.01511111	5575083.0	model_84	0.1	0.0	0.01	0.01	0.0	1.0	0.0001	tanh	adam	CE	4.0	1.0	0.95	0.4029625
HRC.r1-1.EGA.GRCh37.chr22.haplotypes.29456546-32665772.m200.3_29882186-30345274.VMV1	0.10248292	0.39693384	0.09881686	0.17813698	0.03932678	0.04215964	0.03849358	0.02166306	0.03949342	0.02066322	0.0218297	2800083.0	model_84	0.1	0.0	0.01	0.01	0.0	1.0	0.0001	tanh	adam	CE	4.0	1.0	0.95	0.31659177
HRC.r1-1.EGA.GRCh37.chr22.haplotypes.29456546-32665772.m200.3_30236109-30646938.VMV1	0.08937438	0.42621648	0.10566038	0.16027805	0.04210526	0.05620655	0.04965243	0.016286	0.02144985	0.02482622	0.00794439	1375083.0	model_84	0.1	0.0	0.01	0.01	0.0	1.0	0.0001	tanh	adam	CE	4.0	1.0	0.95	0.26226082
HRC.r1-1.EGA.GRCh37.chr22.haplotypes.29456546-32665772.m200.4_30646941-30955207.VMV1	0.10213079	0.38403135	0.08890522	0.17364683	0.03379868	0.07029145	0.02473671	0.02473671	0.06196424	0.02767573	0.00808229	550083.0	model_84	0.1	0.0	0.01	0.01	0.0	1.0	0.0001	tanh	adam	CE	4.0	1.0	0.95	0.4579667
HRC.r1-1.EGA.GRCh37.chr22.haplotypes.29456546-32665772.m200.5_30955207-31062848.VMV1	0.0983969	0.38584854	0.08402432	0.13101161	0.04643449	0.1249309	0.02377004	0.03648425	0.00552792	0.02266446	0.04090658	3013517.0	model_363518	0.1	0.0	0.0001	0.005	5.0	1.0	0.0001	sigmoid	adam	FL	4.0	1.0	0.25	0.28887734
HRC.r1-1.EGA.GRCh37.chr22.haplotypes.29456546-32665772.m200.6_31062848-31271028.VMV1	0.10593062	0.32898172	0.14696009	0.14434912	0.0462514	0.06788512	0.02909362	0.05147333	0.03804551	0.02163372	0.01939575	6367183.0	model_492184	0.1	0.0	5.0	0.01	0.0	1.0	1e-05	leakyrelu	adam	FL	6.0	1.0	0.95	0.28876916
HRC.r1-1.EGA.GRCh37.chr22.haplotypes.29456546-32665772.m200.7_31271028-31438756.VMV1	0.13215623	0.37934724	0.11235955	0.16051364	0.07544141	0.05189941	0.00428036	0.01979668	0.01658641	0.03424291	0.01337614	3160747.0	model_310748	0.1	0.0	5.0	0.005	0.0	1.0	0.001	leakyrelu	adam	CE	8.0	0.9	0.75	0.26835665
HRC.r1-1.EGA.GRCh37.chr22.haplotypes.29456546-32665772.m200.7_31438769-31816474.VMV1	0.10822222	0.376	0.122	0.14488889	0.03777778	0.09822222	0.02666667	0.02711111	0.02955556	0.01044444	0.01911111	5500083.0	model_84	0.1	0.0	0.01	0.01	0.0	1.0	0.0001	tanh	adam	CE	4.0	1.0	0.95	0.25735575
HRC.r1-1.EGA.GRCh37.chr22.haplotypes.29456546-32665772.m200.7_31678959-32155148.VMV1	0.09831695	0.36843859	0.11414764	0.18146976	0.03316114	0.10731545	0.0428262	0.01266456	0.02632895	0.00316614	0.01216464	411409.0	model_111410	0.1	0.0	0.01	0.1	5.0	1.0	0.01	relu	adam	CE	2.0	0.9	0.95	0.3051121
HRC.r1-1.EGA.GRCh37.chr22.haplotypes.29456546-32665772.m200.7_32046953-32508140.VMV1	0.09315114	0.36193968	0.10848192	0.18646892	0.03466089	0.08465256	0.08731878	0.01883019	0.011998	0.00483253	0.00766539	3375083.0	model_84	0.1	0.0	0.01	0.01	0.0	1.0	0.0001	tanh	adam	CE	4.0	1.0	0.95	0.32128352
HRC.r1-1.EGA.GRCh37.chr22.haplotypes.29456546-32665772.m200.7_32383369-32665768.VMV1	0.08757277	0.35332827	0.09617818	0.18096684	0.04378638	0.06808403	0.09567198	0.02328524	0.01518603	0.01063022	0.02531005	6311409.0	model_111410	0.1	0.0	0.01	0.1	5.0	1.0	0.01	relu	adam	CE	2.0	0.9	0.95	0.34147623
HRC.r1-1.EGA.GRCh37.chr22.haplotypes.32664426-32829519.vcf.VMV1	0.07853758	0.32498307	0.07413676	0.16283006	0.03689912	0.06702776	0.09241706	0.06296547	0.02572783	0.03080569	0.0436696	1530744.0	model_255745	0.1	0.0	5.0	0.01	5.0	0.0	1e-05	relu	adam	FL	4.0	1.0	0.95	0.36178118
HRC.r1-1.EGA.GRCh37.chr22.haplotypes.32827695-32919975.vcf.VMV1	0.09575923	0.37277702	0.10807114	0.18878249	0.02120383	0.03419973	0.03009576	0.04309166	0.04787962	0.04103967	0.01709986	3306817.0	model_406818	0.1	0.0	1e-05	0.5	0.0	1.0	0.1	sigmoid	adam	CE	6.0	1.0	0.75	0.20446315
HRC.r1-1.EGA.GRCh37.chr22.haplotypes.32916896-32951976.vcf.VMV1	0.08540925	0.36120996	0.07829181	0.1797153	0.03380783	0.05516014	0.05338078	0.03024911	0.04448399	0.05516014	0.02313167	3435630.0	model_410631	0.1	0.0	1.0	0.5	4.0	0.0	0.1	tanh	adam	FL	4.0	0.3	0.0	0.2579429
HRC.r1-1.EGA.GRCh37.chr22.haplotypes.32950430-33000884.vcf.VMV1	0.09926471	0.32598039	0.11764706	0.15686275	0.03921569	0.08946078	0.04779412	0.0245098	0.0379902	0.04044118	0.02083333	170899.0	model_145900	0.1	0.0	5.0	0.5	5.0	0.0	0.01	relu	adam	FL	8.0	0.9	0.25	0.24397022
HRC.r1-1.EGA.GRCh37.chr22.haplotypes.33000623-33507789.m210.1_33000719-33122890.VMV1	0.11923921	0.32772495	0.1214338	0.13533285	0.03730797	0.08924653	0.04096562	0.05779078	0.03365033	0.02706657	0.0102414	4380034.0	model_455035	0.0001	0.0	0.01	0.05	0.0	1.0	0.01	leakyrelu	adam	CE	6.0	0.9	0.95	0.2345217
HRC.r1-1.EGA.GRCh37.chr22.haplotypes.33000623-33507789.m210.2_33122890-33507745.VMV1	0.09283571	0.35258815	0.10258815	0.1836084	0.05588897	0.04969992	0.02869467	0.04707427	0.03282071	0.02550638	0.02869467	1175110.0	model_150111	0.1	0.0	0.01	0.1	0.0	1.0	1e-05	tanh	adam	CE	2.0	0.9	0.95	0.30346543
HRC.r1-1.EGA.GRCh37.chr22.haplotypes.33506693-33517660.vcf.VMV1	0.17142857	0.37142857	0.08571429	0.17142857	0.0	0.09285714	0.0	0.02857143	0.02142857	0.05	0.00714286	2034520.0	model_59521	1e-08	1e-08	0.0001	0.5	4.0	1.0	1e-05	relu	adam	CE	8.0	0.3	0.75	0.12337054
HRC.r1-1.EGA.GRCh37.chr22.haplotypes.33510715-33899071.m214.1_33510771-33655304.VMV1	0.09784736	0.30430528	0.08170254	0.18639922	0.04500978	0.08659491	0.0425636	0.03473581	0.01125245	0.05234834	0.0572407	2381997.0	model_156998	1e-08	0.0	0.001	0.01	0.0	1.0	0.0001	leakyrelu	adam	CE	8.0	0.9	0.5	0.33686265
HRC.r1-1.EGA.GRCh37.chr22.haplotypes.33510715-33899071.m214.3_33655304-33899020.VMV1	0.09542645	0.34932015	0.1065513	0.20988875	0.04721879	0.07317676	0.04326329	0.02571075	0.02175525	0.02002472	0.00766378	781817.0	model_406818	0.1	0.0	1e-05	0.5	0.0	1.0	0.1	sigmoid	adam	CE	6.0	1.0	0.75	0.22780876
HRC.r1-1.EGA.GRCh37.chr22.haplotypes.33898142-33968692.vcf.VMV1	0.09958848	0.36707819	0.08806584	0.16213992	0.0691358	0.08641975	0.03621399	0.00987654	0.00164609	0.01893004	0.06090535	155744.0	model_255745	0.1	0.0	5.0	0.01	5.0	0.0	1e-05	relu	adam	FL	4.0	1.0	0.95	0.26819995
HRC.r1-1.EGA.GRCh37.chr22.haplotypes.33967127-34068571.vcf.VMV1	0.10311165	0.38987187	0.11958511	0.17266626	0.03782794	0.04820012	0.04026846	0.01403295	0.02562538	0.02989628	0.01891397	5627759.0	model_302760	0.1	0.0	0.0001	0.25	0.5	1.0	0.1	leakyrelu	adam	CE	8.0	0.7	0.95	0.24280052
HRC.r1-1.EGA.GRCh37.chr22.haplotypes.34066615-34358064.vcf.VMV1	0.09230441	0.35941164	0.11660627	0.15710936	0.04753784	0.05414624	0.04689832	0.04071627	0.03922405	0.02238329	0.02366233	2675083.0	model_84	0.1	0.0	0.01	0.01	0.0	1.0	0.0001	tanh	adam	CE	4.0	1.0	0.95	0.24108833
HRC.r1-1.EGA.GRCh37.chr22.haplotypes.34355524-35375863.m222.1_34355631-34494343.VMV1	0.10589942	0.39216634	0.09767892	0.17504836	0.04255319	0.0884913	0.02321083	0.01160542	0.03191489	0.01353965	0.01789168	1467451.0	model_467452	0.1	0.0	0.0	0.005	0.0	1.0	0.01	leakyrelu	adam	CE	4.0	0.9	0.0	0.30969632
HRC.r1-1.EGA.GRCh37.chr22.haplotypes.34355524-35375863.m222.2_34494343-34799391.VMV1	0.08742591	0.33361558	0.0834039	0.19602032	0.04085521	0.0776884	0.00698561	0.01524132	0.06985605	0.03175275	0.05715495	4825083.0	model_84	0.1	0.0	0.01	0.01	0.0	1.0	0.0001	tanh	adam	CE	4.0	1.0	0.95	0.35532862
HRC.r1-1.EGA.GRCh37.chr22.haplotypes.34355524-35375863.m222.3_34799391-34985384.VMV1	0.07926103	0.33730632	0.09326579	0.20411204	0.05721097	0.06078665	0.06168057	0.05810489	0.02920143	0.01787843	0.0011919	4238589.0	model_313590	0.1	0.0	5.0	0.005	5.0	1.0	0.01	sigmoid	adam	CE	8.0	0.9	0.75	0.33899415
HRC.r1-1.EGA.GRCh37.chr22.haplotypes.34355524-35375863.m222.4_34985384-35139590.VMV1	0.09018987	0.40901899	0.0846519	0.16178797	0.03045886	0.11629747	0.02412975	0.00988924	0.0625	0.01107595	0.0	2399913.0	model_74914	0.1	0.0	0.0	0.005	0.0	0.0	0.01	leakyrelu	adam	FL	4.0	0.8	0.0	0.29987866
HRC.r1-1.EGA.GRCh37.chr22.haplotypes.34355524-35375863.m222.5_35139590-35375847.VMV1	0.11211238	0.3774185	0.10045057	0.1380864	0.04373178	0.08348794	0.03339518	0.01086668	0.02570898	0.03100981	0.04373178	2743047.0	model_43048	0.1	0.0	1.0	0.5	1.0	1.0	0.0001	sigmoid	adam	CE	2.0	0.9	0.95	0.31461838
HRC.r1-1.EGA.GRCh37.chr22.haplotypes.35371477-35401965.vcf.VMV1	0.11368421	0.34526316	0.11789474	0.17684211	0.04631579	0.04	0.08	0.01473684	0.01052632	0.01894737	0.03578947	3066112.0	model_366113	0.1	0.0	0.0	0.01	5.0	0.0	0.1	relu	adam	FL	8.0	0.9	0.0	0.22714306
HRC.r1-1.EGA.GRCh37.chr22.haplotypes.35401098-35866115.m226.1_35401126-35531655.VMV1	0.11267606	0.33959311	0.08607199	0.14084507	0.03025561	0.0829421	0.05425143	0.03755869	0.01356286	0.03912363	0.06311946	778034.0	model_203035	0.1	0.0	0.0	0.05	0.0	0.0	0.001	leakyrelu	adam	CE	6.0	0.7	0.25	0.3186813
HRC.r1-1.EGA.GRCh37.chr22.haplotypes.35401098-35866115.m226.3_35531655-35865944.VMV1	0.0976539	0.38720674	0.11570082	0.14357329	0.04050531	0.05474233	0.05053138	0.0262683	0.0272709	0.04231001	0.01423702	718047.0	model_43048	0.1	0.0	1.0	0.5	1.0	1.0	0.0001	sigmoid	adam	CE	2.0	0.9	0.95	0.29387125
HRC.r1-1.EGA.GRCh37.chr22.haplotypes.35863936-35891148.vcf.VMV1	0.13095238	0.39285714	0.11666667	0.1452381	0.02619048	0.03809524	0.0047619	0.08571429	0.00952381	0.05	0.0	3396664.0	model_346665	0.0	0.0	0.001	0.1	0.0	0.0	0.0001	leakyrelu	adam	CE	8.0	0.7	0.5	0.16555133
HRC.r1-1.EGA.GRCh37.chr22.haplotypes.35889385-36091901.vcf.VMV1	0.09128499	0.35114504	0.10750636	0.18479644	0.04484733	0.07951654	0.03721374	0.02926209	0.01304071	0.02194656	0.0394402	5475083.0	model_84	0.1	0.0	0.01	0.01	0.0	1.0	0.0001	tanh	adam	CE	4.0	1.0	0.95	0.3065027
HRC.r1-1.EGA.GRCh37.chr22.haplotypes.36090727-36137238.vcf.VMV1	0.09166667	0.29444444	0.10277778	0.15416667	0.06805556	0.08888889	0.01111111	0.00833333	0.02777778	0.14305556	0.00972222	3346412.0	model_471413	0.01	0.0	0.01	0.25	0.0	0.0	0.1	relu	adam	CE	2.0	0.9	0.95	0.2963059
HRC.r1-1.EGA.GRCh37.chr22.haplotypes.36134082-36637749.m234.1_36134094-36456232.VMV1	0.1251854	0.43844557	0.1183625	0.16018985	0.0353011	0.05339662	0.03678434	0.02907149	0.00266983	0.0	0.0005933	320006.0	model_495007	0.1	0.0	0.01	0.1	0.0	1.0	1e-05	leakyrelu	adam	FL	8.0	0.9	0.95	0.24058077
HRC.r1-1.EGA.GRCh37.chr22.haplotypes.36134082-36637749.m234.2_36456232-36637715.VMV1	0.0983344	0.33183857	0.09705317	0.17168482	0.04644459	0.08488149	0.01921845	0.03491352	0.03779628	0.04612428	0.03171044	3605000.0	model_180001	0.1	0.0	0.01	0.005	0.0	1.0	0.01	sigmoid	adam	CE	6.0	1.0	0.5	0.26520038
HRC.r1-1.EGA.GRCh37.chr22.haplotypes.36635238-36668533.vcf.VMV1	0.11509434	0.3754717	0.11320755	0.14339623	0.02830189	0.03207547	0.01320755	0.12830189	0.01320755	0.01320755	0.0245283	4573261.0	model_273262	1e-08	0.0	0.0001	0.25	0.0	1.0	0.0001	tanh	adam	CE	8.0	0.8	0.5	0.20252323
HRC.r1-1.EGA.GRCh37.chr22.haplotypes.36666654-36942933.vcf.VMV1	0.1032496	0.35976031	0.08873012	0.15256972	0.05369901	0.08250749	0.05439041	0.03180456	0.01912883	0.03318737	0.02097257	3243047.0	model_43048	0.1	0.0	1.0	0.5	1.0	1.0	0.0001	sigmoid	adam	CE	2.0	0.9	0.95	0.31978583
HRC.r1-1.EGA.GRCh37.chr22.haplotypes.36942051-36954003.vcf.VMV1	0.14736842	0.33684211	0.15789474	0.16315789	0.05263158	0.02631579	0.0	0.0	0.00526316	0.04210526	0.06842105	5486831.0	model_386832	1e-06	0.01	0.0001	0.5	4.0	0.0	1e-05	relu	adam	CE	6.0	0.3	0.25	0.15284397
HRC.r1-1.EGA.GRCh37.chr22.haplotypes.36952057-37003813.vcf.VMV1	0.12931034	0.31896552	0.13423645	0.16133005	0.04064039	0.09359606	0.0135468	0.00985222	0.05295567	0.02463054	0.02093596	6114494.0	model_64495	1e-06	0.01	0.1	0.005	5.0	0.0	1e-05	relu	adam	FL	6.0	0.5	0.95	0.14870381
HRC.r1-1.EGA.GRCh37.chr22.haplotypes.37002516-37080626.vcf.VMV1	0.11428571	0.37835498	0.11082251	0.14112554	0.03376623	0.11515152	0.02164502	0.01212121	0.04329004	0.02857143	0.0008658	6020006.0	model_495007	0.1	0.0	0.01	0.1	0.0	1.0	1e-05	leakyrelu	adam	FL	8.0	0.9	0.95	0.23071885
HRC.r1-1.EGA.GRCh37.chr22.haplotypes.37075556-37247864.vcf.VMV1	0.10923015	0.38129786	0.10963321	0.17089883	0.03264813	0.05844418	0.03345425	0.04433696	0.02297461	0.01612253	0.02095929	1950083.0	model_84	0.1	0.0	0.01	0.01	0.0	1.0	0.0001	tanh	adam	CE	4.0	1.0	0.95	0.35146624
HRC.r1-1.EGA.GRCh37.chr22.haplotypes.37246861-37366272.vcf.VMV1	0.10457831	0.34650602	0.0853012	0.19084337	0.03903614	0.06313253	0.05204819	0.04289157	0.02216867	0.01012048	0.04337349	5635630.0	model_410631	0.1	0.0	1.0	0.5	4.0	0.0	0.1	tanh	adam	FL	4.0	0.3	0.0	0.24786119
HRC.r1-1.EGA.GRCh37.chr22.haplotypes.37364853-37544295.vcf.VMV1	0.10147412	0.38944121	0.10421666	0.16009599	0.02811107	0.05382242	0.01576963	0.02845389	0.04182379	0.02845389	0.04833733	5425083.0	model_84	0.1	0.0	0.01	0.01	0.0	1.0	0.0001	tanh	adam	CE	4.0	1.0	0.95	0.39249867
HRC.r1-1.EGA.GRCh37.chr22.haplotypes.37542959-37562128.vcf.VMV1	0.12027491	0.42955326	0.10309278	0.1443299	0.04467354	0.05154639	0.00343643	0.00343643	0.04123711	0.03436426	0.02405498	376907.0	model_76908	1e-06	0.01	0.0	0.005	5.0	0.0	0.0001	relu	adam	FL	4.0	0.3	0.5	0.16135672
HRC.r1-1.EGA.GRCh37.chr22.haplotypes.37559474-37570526.vcf.VMV1	0.08333333	0.33854167	0.10416667	0.22395833	0.05729167	0.09375	0.015625	0.05208333	0.02083333	0.0	0.01041667	5578317.0	model_328318	0.1	0.0	0.0	0.05	1.0	1.0	0.0001	sigmoid	adam	CE	8.0	0.5	0.0	0.2141211
HRC.r1-1.EGA.GRCh37.chr22.haplotypes.37569728-37682175.vcf.VMV1	0.10732197	0.34302909	0.11735206	0.18054162	0.02808425	0.03761284	0.00852558	0.05767302	0.05667001	0.03009027	0.0330993	4775432.0	model_275433	0.1	0.0	0.0	0.1	0.0	1.0	1e-05	leakyrelu	adam	CE	8.0	0.6	0.95	0.22588709
HRC.r1-1.EGA.GRCh37.chr22.haplotypes.37681249-37717247.vcf.VMV1	0.08576052	0.38349515	0.11812298	0.20550162	0.03074434	0.06634304	0.00970874	0.00161812	0.00485437	0.03398058	0.05987055	5605400.0	model_405401	0.1	0.0	0.0001	0.005	0.0	1.0	0.1	leakyrelu	adam	CE	8.0	0.9	0.25	0.18494041
HRC.r1-1.EGA.GRCh37.chr22.haplotypes.37716383-37784369.vcf.VMV1	0.10781671	0.35669362	0.11859838	0.16352201	0.03054807	0.04761905	0.03144654	0.02066487	0.0359389	0.05840072	0.02875112	4869799.0	model_444800	0.1	0.0	5.0	0.5	4.0	1.0	0.1	sigmoid	adam	CE	2.0	0.5	0.0	0.20776536
HRC.r1-1.EGA.GRCh37.chr22.haplotypes.37782597-37938317.vcf.VMV1	0.10551047	0.37419906	0.11747117	0.17513883	0.03673644	0.05339598	0.03759077	0.03331909	0.03203759	0.01794105	0.01665955	3575083.0	model_84	0.1	0.0	0.01	0.01	0.0	1.0	0.0001	tanh	adam	CE	4.0	1.0	0.95	0.34869364
HRC.r1-1.EGA.GRCh37.chr22.haplotypes.37936887-37977701.vcf.VMV1	0.10641628	0.33802817	0.12989045	0.16588419	0.05320814	0.06729264	0.03755869	0.00625978	0.02660407	0.0172144	0.05164319	1586262.0	model_311263	0.1	0.0	5.0	0.25	5.0	1.0	0.01	sigmoid	adam	CE	2.0	0.9	0.25	0.23589881
HRC.r1-1.EGA.GRCh37.chr22.haplotypes.37976606-38717039.m266.1_37976619-38289525.VMV1	0.09822222	0.40288889	0.13488889	0.15955556	0.04466667	0.05866667	0.022	0.01133333	0.01288889	0.02777778	0.02711111	1150083.0	model_84	0.1	0.0	0.01	0.01	0.0	1.0	0.0001	tanh	adam	CE	4.0	1.0	0.95	0.40145266
HRC.r1-1.EGA.GRCh37.chr22.haplotypes.37976606-38717039.m266.1_38177839-38504548.VMV1	0.10548824	0.41363744	0.12449513	0.19505821	0.04870516	0.03706344	0.01211689	0.00498931	0.00570207	0.0342124	0.01853172	1292183.0	model_492184	0.1	0.0	5.0	0.01	0.0	1.0	1e-05	leakyrelu	adam	FL	6.0	1.0	0.95	0.24000493
HRC.r1-1.EGA.GRCh37.chr22.haplotypes.37976606-38717039.m266.1_38504619-38716953.VMV1	0.10009297	0.41617601	0.09110629	0.15339324	0.04307406	0.05020143	0.02943911	0.03005888	0.00991633	0.03563681	0.04090487	525083.0	model_84	0.1	0.0	0.01	0.01	0.0	1.0	0.0001	tanh	adam	CE	4.0	1.0	0.95	0.23736197
HRC.r1-1.EGA.GRCh37.chr22.haplotypes.38708556-38866010.vcf.VMV1	0.09872923	0.38709677	0.12365591	0.19061584	0.02394917	0.07526882	0.02297165	0.02150538	0.00928641	0.01368524	0.03323558	2677701.0	model_252702	0.1	0.0	1.0	0.1	0.0	1.0	0.1	leakyrelu	adam	FL	8.0	1.0	0.0	0.22849521
HRC.r1-1.EGA.GRCh37.chr22.haplotypes.38863733-39314260.vcf.VMV1	0.10344219	0.41112092	0.10556046	0.16699029	0.02930274	0.08067079	0.00900265	0.01341571	0.02947926	0.04324801	0.00776699	4050083.0	model_84	0.1	0.0	0.01	0.01	0.0	1.0	0.0001	tanh	adam	CE	4.0	1.0	0.95	0.2828581
HRC.r1-1.EGA.GRCh37.chr22.haplotypes.39306355-39364120.vcf.VMV1	0.12621359	0.3592233	0.10315534	0.21601942	0.01456311	0.03883495	0.05218447	0.04854369	0.01456311	0.01456311	0.01213592	3866388.0	model_391389	1e-08	0.0	1.0	0.5	0.0	0.0	1e-05	relu	adam	FL	8.0	0.2	0.95	0.20035012
HRC.r1-1.EGA.GRCh37.chr22.haplotypes.39361872-39411182.vcf.VMV1	0.09818182	0.41575758	0.1369697	0.17212121	0.05818182	0.03515152	0.01575758	0.00606061	0.02424242	0.01090909	0.02666667	5963920.0	model_288921	1e-08	0.0	0.0001	0.05	0.0	0.0	1e-05	leakyrelu	adam	CE	8.0	1.0	0.95	0.13713197
HRC.r1-1.EGA.GRCh37.chr22.haplotypes.39409972-39575770.vcf.VMV1	0.09593132	0.37663307	0.10862262	0.1810377	0.03172826	0.05860396	0.03471445	0.0212766	0.00634565	0.03098171	0.05412467	2450083.0	model_84	0.1	0.0	0.01	0.01	0.0	1.0	0.0001	tanh	adam	CE	4.0	1.0	0.95	0.32358804
HRC.r1-1.EGA.GRCh37.chr22.haplotypes.39573944-40103038.m278.1_39573966-39657773.VMV1	0.09132075	0.36150943	0.1109434	0.14415094	0.04226415	0.06188679	0.01735849	0.01132075	0.05207547	0.05056604	0.05660377	61643.0	model_411644	0.1	0.0	5.0	0.1	0.0	1.0	0.01	leakyrelu	adam	CE	6.0	0.8	0.0	0.2677541
HRC.r1-1.EGA.GRCh37.chr22.haplotypes.39573944-40103038.m278.2_39657773-39861465.VMV1	0.08918583	0.36575513	0.14325668	0.15817278	0.05842138	0.05531386	0.01274083	0.0304537	0.0466128	0.02144189	0.01864512	3750083.0	model_84	0.1	0.0	0.01	0.01	0.0	1.0	0.0001	tanh	adam	CE	4.0	1.0	0.95	0.22974533
HRC.r1-1.EGA.GRCh37.chr22.haplotypes.39573944-40103038.m278.3_39861465-40103012.VMV1	0.10342889	0.43057898	0.1059584	0.18409219	0.03372681	0.03906689	0.01939292	0.0123665	0.0188308	0.02388983	0.02866779	5000083.0	model_84	0.1	0.0	0.01	0.01	0.0	1.0	0.0001	tanh	adam	CE	4.0	1.0	0.95	0.3404873
HRC.r1-1.EGA.GRCh37.chr22.haplotypes.40092051-42875499.m280.1_40092165-40375398.VMV1	0.12002631	0.44919434	0.1476488	0.13712595	0.02762249	0.03452812	0.02860901	0.03058205	0.01085169	0.00230187	0.01150937	5637290.0	model_412291	0.01	0.0	0.01	0.25	0.0	1.0	0.0001	leakyrelu	adam	CE	4.0	1.0	0.95	0.13872263
HRC.r1-1.EGA.GRCh37.chr22.haplotypes.40092051-42875499.m280.2_40375509-40762017.VMV1	0.13044444	0.41444444	0.08822222	0.168	0.06355556	0.03244444	0.00666667	0.01777778	0.03777778	0.03333333	0.00733333	1425083.0	model_84	0.1	0.0	0.01	0.01	0.0	1.0	0.0001	tanh	adam	CE	4.0	1.0	0.95	0.27338627
HRC.r1-1.EGA.GRCh37.chr22.haplotypes.40092051-42875499.m280.2_40624808-41151084.VMV1	0.11248125	0.39826696	0.11898017	0.16830528	0.03666056	0.03499417	0.02216297	0.06282286	0.01616397	0.02016331	0.0089985	2426769.0	model_201770	0.1	0.0	1e-05	0.05	1.0	1.0	0.01	tanh	adam	CE	2.0	1.0	0.95	0.28213927
HRC.r1-1.EGA.GRCh37.chr22.haplotypes.40092051-42875499.m280.2_41031603-41535436.VMV1	0.10648225	0.37093818	0.13731045	0.17730378	0.05432428	0.03882686	0.01599733	0.0398267	0.0218297	0.02282953	0.01433094	3550110.0	model_150111	0.1	0.0	0.01	0.1	0.0	1.0	1e-05	tanh	adam	CE	2.0	0.9	0.95	0.29593018
HRC.r1-1.EGA.GRCh37.chr22.haplotypes.40092051-42875499.m280.2_41411938-41906486.VMV1	0.1109815	0.36293951	0.09848359	0.21329778	0.05132478	0.05132478	0.00866522	0.00933178	0.04815864	0.03566072	0.00983169	1325083.0	model_84	0.1	0.0	0.01	0.01	0.0	1.0	0.0001	tanh	adam	CE	4.0	1.0	0.95	0.29861146
HRC.r1-1.EGA.GRCh37.chr22.haplotypes.40092051-42875499.m280.2_41778714-42281429.VMV1	0.10348275	0.37243793	0.09465089	0.20213298	0.04599233	0.08065322	0.00666556	0.03216131	0.04865856	0.005999	0.00716547	3725083.0	model_84	0.1	0.0	0.01	0.01	0.0	1.0	0.0001	tanh	adam	CE	4.0	1.0	0.95	0.3576565
HRC.r1-1.EGA.GRCh37.chr22.haplotypes.40092051-42875499.m280.2_42153097-42618669.VMV1	0.10748209	0.39226796	0.08748542	0.17847025	0.04932511	0.05232461	0.02566239	0.02866189	0.03399433	0.02382936	0.02049658	1775083.0	model_84	0.1	0.0	0.01	0.01	0.0	1.0	0.0001	tanh	adam	CE	4.0	1.0	0.95	0.35386884
HRC.r1-1.EGA.GRCh37.chr22.haplotypes.40092051-42875499.m280.2_42517789-42690720.VMV1	0.1068038	0.41851266	0.09731013	0.18512658	0.03441456	0.05181962	0.01859177	0.02017405	0.03481013	0.01107595	0.02136076	3912762.0	model_412763	0.1	0.0	0.0	0.25	0.0	1.0	0.1	tanh	adam	CE	6.0	0.2	0.5	0.2618053
HRC.r1-1.EGA.GRCh37.chr22.haplotypes.40092051-42875499.m280.2_42690774-42875480.VMV1	0.09930632	0.33953998	0.11938664	0.19824754	0.03979555	0.06316174	0.02117561	0.03943045	0.01752464	0.02628697	0.03614458	526023.0	model_226024	0.1	0.0	5.0	0.25	5.0	1.0	0.01	tanh	adam	CE	6.0	0.9	0.75	0.24798313
HRC.r1-1.EGA.GRCh37.chr22.haplotypes.42870284-43572387.m282.1_42870315-43155557.VMV1	0.08859146	0.37539834	0.12300829	0.18015721	0.02719354	0.03632887	0.02846824	0.05544933	0.02634374	0.03420438	0.0248566	5510323.0	model_410324	0.1	0.0	0.01	0.01	5.0	1.0	0.001	tanh	adam	CE	2.0	1.0	0.95	0.22147986
HRC.r1-1.EGA.GRCh37.chr22.haplotypes.42870284-43572387.m282.3_43155564-43447239.VMV1	0.096	0.36222222	0.11555556	0.17822222	0.03155556	0.06133333	0.02311111	0.02933333	0.00711111	0.018	0.07755556	4375083.0	model_84	0.1	0.0	0.01	0.01	0.0	1.0	0.0001	tanh	adam	CE	4.0	1.0	0.95	0.29209816
HRC.r1-1.EGA.GRCh37.chr22.haplotypes.42870284-43572387.m282.3_43348478-43572378.VMV1	0.0959651	0.36286805	0.11832061	0.18047983	0.04143948	0.04934569	0.02589967	0.03789531	0.02071974	0.0242639	0.04280262	4569799.0	model_444800	0.1	0.0	5.0	0.5	4.0	1.0	0.1	sigmoid	adam	CE	2.0	0.5	0.0	0.20775521
HRC.r1-1.EGA.GRCh37.chr22.haplotypes.43571251-43649182.vcf.VMV1	0.08710562	0.34019204	0.07407407	0.15843621	0.03703704	0.1090535	0.05967078	0.05486968	0.04252401	0.01920439	0.01783265	523119.0	model_398120	0.1	0.0	1.0	0.005	4.0	0.0	0.1	relu	adam	FL	6.0	1.0	0.25	0.2942816
HRC.r1-1.EGA.GRCh37.chr22.haplotypes.43647158-44295927.m286.1_43647212-43767699.VMV1	0.09796498	0.33222906	0.12399432	0.20586843	0.04070043	0.07572172	0.02082347	0.04070043	0.01703739	0.0241363	0.02082347	5800490.0	model_450491	0.1	0.0	1.0	0.01	0.0	1.0	0.0001	tanh	adam	CE	6.0	1.0	0.95	0.30798316
HRC.r1-1.EGA.GRCh37.chr22.haplotypes.43647158-44295927.m286.1_43767770-44063225.VMV1	0.09977778	0.38422222	0.08933333	0.16377778	0.04755556	0.07488889	0.03066667	0.028	0.03666667	0.01533333	0.02977778	6025083.0	model_84	0.1	0.0	0.01	0.01	0.0	1.0	0.0001	tanh	adam	CE	4.0	1.0	0.95	0.4697811
HRC.r1-1.EGA.GRCh37.chr22.haplotypes.43647158-44295927.m286.1_43959454-44295890.VMV1	0.08999787	0.39112817	0.10577948	0.15312433	0.0366816	0.0452122	0.02324589	0.05843463	0.06120708	0.0183408	0.01684794	3260323.0	model_410324	0.1	0.0	0.01	0.01	5.0	1.0	0.001	tanh	adam	CE	2.0	1.0	0.95	0.30735353
HRC.r1-1.EGA.GRCh37.chr22.haplotypes.44294450-44323776.vcf.VMV1	0.10079051	0.3715415	0.08893281	0.20355731	0.02964427	0.05335968	0.01976285	0.01976285	0.01976285	0.04743083	0.04545455	5769799.0	model_444800	0.1	0.0	5.0	0.5	4.0	1.0	0.1	sigmoid	adam	CE	2.0	0.5	0.0	0.20769863
HRC.r1-1.EGA.GRCh37.chr22.haplotypes.44319247-44415942.vcf.VMV1	0.10721377	0.36333554	0.1237591	0.13633355	0.02117803	0.04632694	0.04301787	0.07213766	0.03242886	0.02581072	0.02845797	4819799.0	model_444800	0.1	0.0	5.0	0.5	4.0	1.0	0.1	sigmoid	adam	CE	2.0	0.5	0.0	0.2727433
HRC.r1-1.EGA.GRCh37.chr22.haplotypes.44412962-44502416.vcf.VMV1	0.08798883	0.36173184	0.12918994	0.16061453	0.04189944	0.04888268	0.03840782	0.0523743	0.02723464	0.0202514	0.03142458	1759091.0	model_134092	0.1	0.0	1.0	0.005	3.0	1.0	0.1	sigmoid	adam	CE	6.0	0.3	0.0	0.19362816
HRC.r1-1.EGA.GRCh37.chr22.haplotypes.44497113-44524233.vcf.VMV1	0.11485149	0.34455446	0.0990099	0.18217822	0.06534653	0.04554455	0.01584158	0.01782178	0.04158416	0.06930693	0.0039604	1292131.0	model_492132	0.0	1e-08	5.0	0.01	5.0	0.0	0.0001	relu	adam	FL	2.0	0.2	0.0	0.15929326
HRC.r1-1.EGA.GRCh37.chr22.haplotypes.44522997-44664379.vcf.VMV1	0.10693642	0.34310487	0.10858794	0.14863749	0.03633361	0.05037159	0.04004955	0.04087531	0.04913295	0.05739059	0.01857969	1450083.0	model_84	0.1	0.0	0.01	0.01	0.0	1.0	0.0001	tanh	adam	CE	4.0	1.0	0.95	0.35641542
HRC.r1-1.EGA.GRCh37.chr22.haplotypes.44660235-44694863.vcf.VMV1	0.10128388	0.34950071	0.09700428	0.20970043	0.06419401	0.07560628	0.01141227	0.03138374	0.00285307	0.0342368	0.02282454	5954901.0	model_354902	0.1	0.0	1.0	0.01	5.0	0.0	0.1	leakyrelu	adam	FL	8.0	0.5	0.25	0.2179245
HRC.r1-1.EGA.GRCh37.chr22.haplotypes.44692579-44698898.vcf.VMV1	0.1025641	0.44444444	0.11111111	0.17094017	0.01709402	0.05128205	0.01709402	0.0	0.0	0.00854701	0.07692308	3185906.0	model_410907	0.0	0.01	0.01	0.5	4.0	0.0	0.0001	relu	adam	FL	8.0	1.0	0.25	0.1346861
HRC.r1-1.EGA.GRCh37.chr22.haplotypes.44697511-44724496.vcf.VMV1	0.10208333	0.36666667	0.10208333	0.14166667	0.03958333	0.05	0.05625	0.06041667	0.0375	0.01875	0.025	3280282.0	model_355283	0.1	0.0	0.01	0.1	2.0	1.0	0.0001	tanh	adam	CE	4.0	1.0	0.0	0.2231152
HRC.r1-1.EGA.GRCh37.chr22.haplotypes.44722366-44820853.vcf.VMV1	0.09852217	0.34920635	0.08210181	0.15161467	0.0470717	0.05966065	0.02791461	0.04980843	0.05418719	0.04542967	0.03448276	3247234.0	model_347235	0.1	0.0	5.0	0.005	3.0	0.0	0.01	relu	adam	CE	8.0	0.9	0.25	0.22287756
HRC.r1-1.EGA.GRCh37.chr22.haplotypes.44818943-44996267.vcf.VMV1	0.09808307	0.3629393	0.09968051	0.17955272	0.0341853	0.05686901	0.02236422	0.01821086	0.02492013	0.04121406	0.06198083	5925083.0	model_84	0.1	0.0	0.01	0.01	0.0	1.0	0.0001	tanh	adam	CE	4.0	1.0	0.95	0.40067315
HRC.r1-1.EGA.GRCh37.chr22.haplotypes.44993629-45000341.vcf.VMV1	0.08108108	0.46846847	0.04504505	0.16216216	0.02702703	0.04504505	0.04504505	0.07207207	0.02702703	0.0	0.02702703	3113510.0	model_13511	1e-07	0.001	0.01	0.005	4.0	0.0	0.001	relu	adam	FL	6.0	1.0	0.95	0.121220276
HRC.r1-1.EGA.GRCh37.chr22.haplotypes.44999102-45149292.vcf.VMV1	0.09532184	0.3207879	0.10728104	0.17270489	0.03482237	0.08934224	0.06366514	0.03939501	0.03130496	0.02708407	0.01829054	2475083.0	model_84	0.1	0.0	0.01	0.01	0.0	1.0	0.0001	tanh	adam	CE	4.0	1.0	0.95	0.37583554
HRC.r1-1.EGA.GRCh37.chr22.haplotypes.45148274-45169423.vcf.VMV1	0.12787724	0.33248082	0.0741688	0.10997442	0.05626598	0.06393862	0.00511509	0.08951407	0.07928389	0.03580563	0.02557545	1292797.0	model_367798	0.0	1e-08	0.1	0.25	5.0	1.0	1e-05	tanh	adam	CE	8.0	1.0	0.95	0.19799618
HRC.r1-1.EGA.GRCh37.chr22.haplotypes.45168270-45268110.vcf.VMV1	0.08987854	0.34777328	0.10202429	0.16356275	0.02753036	0.05708502	0.06032389	0.06072874	0.04048583	0.01821862	0.03238866	3950083.0	model_84	0.1	0.0	0.01	0.01	0.0	1.0	0.0001	tanh	adam	CE	4.0	1.0	0.95	0.3684005
HRC.r1-1.EGA.GRCh37.chr22.haplotypes.45266330-45446695.vcf.VMV1	0.09929513	0.37266319	0.10235979	0.17070181	0.0392277	0.05332516	0.05393809	0.03555011	0.02604965	0.02513025	0.02175912	4793047.0	model_43048	0.1	0.0	1.0	0.5	1.0	1.0	0.0001	sigmoid	adam	CE	2.0	0.9	0.95	0.26994336
HRC.r1-1.EGA.GRCh37.chr22.haplotypes.45442662-45458809.vcf.VMV1	0.1147541	0.33879781	0.08743169	0.15846995	0.0273224	0.05464481	0.04371585	0.07103825	0.01912568	0.03005464	0.05464481	1873576.0	model_323577	0.1	0.0	5.0	0.005	3.0	1.0	1e-05	relu	adam	FL	2.0	0.4	0.0	0.27011153
HRC.r1-1.EGA.GRCh37.chr22.haplotypes.45456773-45657923.vcf.VMV1	0.10166468	0.34363853	0.10344828	0.16260404	0.05172414	0.06450654	0.01010702	0.04488704	0.03745541	0.0401308	0.03983353	3631817.0	model_406818	0.1	0.0	1e-05	0.5	0.0	1.0	0.1	sigmoid	adam	CE	6.0	1.0	0.75	0.25631055
HRC.r1-1.EGA.GRCh37.chr22.haplotypes.45656682-45858187.vcf.VMV1	0.10176844	0.37237237	0.09442776	0.17650984	0.03503504	0.03837171	0.02035369	0.05739072	0.01868535	0.03670337	0.04838172	5075083.0	model_84	0.1	0.0	0.01	0.01	0.0	1.0	0.0001	tanh	adam	CE	4.0	1.0	0.95	0.42987412
HRC.r1-1.EGA.GRCh37.chr22.haplotypes.45855070-45897834.vcf.VMV1	0.11165049	0.35760518	0.10032362	0.16504854	0.0210356	0.04045307	0.03883495	0.02912621	0.0566343	0.0210356	0.05825243	798119.0	model_398120	0.1	0.0	1.0	0.005	4.0	0.0	0.1	relu	adam	FL	6.0	1.0	0.25	0.2538409
HRC.r1-1.EGA.GRCh37.chr22.haplotypes.45896763-45951930.vcf.VMV1	0.09489051	0.40563087	0.10218978	0.13347237	0.0375391	0.05213764	0.05109489	0.05005214	0.00834202	0.02189781	0.04275287	998119.0	model_398120	0.1	0.0	1.0	0.005	4.0	0.0	0.1	relu	adam	FL	6.0	1.0	0.25	0.20804484
HRC.r1-1.EGA.GRCh37.chr22.haplotypes.45947135-45974835.vcf.VMV1	0.12561576	0.35221675	0.091133	0.19211823	0.06157635	0.05665025	0.02216749	0.00246305	0.00985222	0.03940887	0.04679803	5861454.0	model_186455	1e-07	1e-08	5.0	0.005	5.0	1.0	1e-05	sigmoid	adam	CE	8.0	1.0	0.95	0.16214143
HRC.r1-1.EGA.GRCh37.chr22.haplotypes.45970493-46357165.m330.1_45970536-46279523.VMV1	0.10380699	0.36830456	0.10292165	0.17463479	0.04072598	0.07525454	0.03098716	0.05887561	0.00929615	0.01660027	0.0185923	3075083.0	model_84	0.1	0.0	0.01	0.01	0.0	1.0	0.0001	tanh	adam	CE	4.0	1.0	0.95	0.29072824
HRC.r1-1.EGA.GRCh37.chr22.haplotypes.45970493-46357165.m330.2_46279523-46357151.VMV1	0.06187203	0.38498149	0.1173982	0.19989424	0.03014278	0.07826547	0.02855632	0.04812269	0.01903755	0.0153358	0.01639344	2853781.0	model_328782	0.1	0.0	1.0	0.25	1.0	1.0	0.001	leakyrelu	adam	CE	2.0	1.0	0.75	0.19955072
HRC.r1-1.EGA.GRCh37.chr22.haplotypes.46352270-46514293.vcf.VMV1	0.09821753	0.41542379	0.11895235	0.17097126	0.03637686	0.04619862	0.03637686	0.00909422	0.02037104	0.03383048	0.01418698	5833605.0	model_183606	0.1	0.0	0.0	0.5	5.0	1.0	0.0001	sigmoid	adam	CE	8.0	0.7	0.95	0.26161712
HRC.r1-1.EGA.GRCh37.chr22.haplotypes.46512572-46577053.vcf.VMV1	0.09937332	0.35004476	0.16383169	0.17815577	0.06087735	0.05640107	0.00984781	0.02238138	0.04118174	0.0080573	0.00984781	5948119.0	model_398120	0.1	0.0	1.0	0.005	4.0	0.0	0.1	relu	adam	FL	6.0	1.0	0.25	0.1723649
HRC.r1-1.EGA.GRCh37.chr22.haplotypes.46570977-46836072.vcf.VMV1	0.09966846	0.35619561	0.09428098	0.21570659	0.04786573	0.06858682	0.0625777	0.0416494	0.01222545	0.00062163	0.00062163	1264220.0	model_64221	0.1	0.0	1.0	0.005	0.5	1.0	1e-05	tanh	adam	CE	2.0	0.9	0.95	0.24213293
HRC.r1-1.EGA.GRCh37.chr22.haplotypes.46833608-46915616.vcf.VMV1	0.09320505	0.33313289	0.12266987	0.15453999	0.06855081	0.04389657	0.02164762	0.04149128	0.03788334	0.0366807	0.04630186	125432.0	model_275433	0.1	0.0	0.0	0.1	0.0	1.0	1e-05	leakyrelu	adam	CE	8.0	0.6	0.95	0.20729508
HRC.r1-1.EGA.GRCh37.chr22.haplotypes.46914025-46927665.vcf.VMV1	0.09782609	0.34782609	0.0942029	0.13405797	0.03985507	0.02536232	0.02173913	0.02173913	0.06884058	0.10869565	0.03985507	2368761.0	model_243762	1e-08	1e-08	5.0	0.25	5.0	1.0	0.001	leakyrelu	adam	FL	4.0	1.0	0.0	0.37074265
HRC.r1-1.EGA.GRCh37.chr22.haplotypes.46927522-47109299.vcf.VMV1	0.09541173	0.36037679	0.10695837	0.16378001	0.03798238	0.04983288	0.03859009	0.04132483	0.0504406	0.02278943	0.03251291	4500083.0	model_84	0.1	0.0	0.01	0.01	0.0	1.0	0.0001	tanh	adam	CE	4.0	1.0	0.95	0.26031768
HRC.r1-1.EGA.GRCh37.chr22.haplotypes.47106757-47298929.vcf.VMV1	0.10912291	0.37547668	0.08800235	0.21267234	0.03050748	0.03520094	0.02757407	0.04077442	0.02874743	0.02669405	0.02522734	6001769.0	model_201770	0.1	0.0	1e-05	0.05	1.0	1.0	0.01	tanh	adam	CE	2.0	1.0	0.95	0.25360268
HRC.r1-1.EGA.GRCh37.chr22.haplotypes.47298271-47447293.vcf.VMV1	0.10424848	0.35665834	0.09032488	0.17101035	0.04534095	0.08925384	0.02142092	0.00642628	0.05569439	0.05033916	0.0092824	6287760.0	model_387761	0.1	0.0	1.0	0.5	0.5	1.0	0.1	relu	adam	FL	4.0	0.2	0.5	0.2691953
HRC.r1-1.EGA.GRCh37.chr22.haplotypes.47446290-47494527.vcf.VMV1	0.09648241	0.3638191	0.13768844	0.18693467	0.03115578	0.0361809	0.03819095	0.0120603	0.0241206	0.01105528	0.06231156	860942.0	model_385943	0.1	0.0	0.01	0.01	5.0	0.0	0.1	relu	adam	FL	4.0	0.2	0.5	0.22875425
HRC.r1-1.EGA.GRCh37.chr22.haplotypes.47492624-47568247.vcf.VMV1	0.10349127	0.36907731	0.1084788	0.21259352	0.04738155	0.03553616	0.00374065	0.02369077	0.01184539	0.06234414	0.02182045	3189365.0	model_64366	0.1	0.0	5.0	0.005	2.0	0.0	1e-05	relu	adam	CE	6.0	0.8	0.95	0.16347988
HRC.r1-1.EGA.GRCh37.chr22.haplotypes.47567114-47599826.vcf.VMV1	0.11239193	0.35158501	0.10951009	0.17867435	0.10662824	0.08357349	0.00576369	0.01440922	0.02017291	0.00144092	0.01585014	4776595.0	model_151596	0.1	0.0	5.0	0.05	4.0	1.0	0.01	relu	adam	FL	6.0	0.8	0.25	0.20111994
HRC.r1-1.EGA.GRCh37.chr22.haplotypes.47574801-47657192.vcf.VMV1	0.10878113	0.38728702	0.0897772	0.17038008	0.05897772	0.0819135	0.00589777	0.01703801	0.01048493	0.04718218	0.02228047	1801171.0	model_276172	0.1	0.0	5.0	0.25	4.0	0.0	0.1	relu	adam	FL	2.0	0.8	0.5	0.20978987
HRC.r1-1.EGA.GRCh37.chr22.haplotypes.47654310-47830405.vcf.VMV1	0.1081392	0.37072189	0.11993097	0.1961461	0.05263158	0.03997699	0.01668105	0.03451251	0.01495542	0.02272074	0.02358355	3275490.0	model_450491	0.1	0.0	1.0	0.01	0.0	1.0	0.0001	tanh	adam	CE	6.0	1.0	0.95	0.196114
HRC.r1-1.EGA.GRCh37.chr22.haplotypes.47828616-47939639.vcf.VMV1	0.0973822	0.39319372	0.13455497	0.19267016	0.03874346	0.05287958	0.00314136	0.01308901	0.02146597	0.02879581	0.02408377	6269799.0	model_444800	0.1	0.0	5.0	0.5	4.0	1.0	0.1	sigmoid	adam	CE	2.0	0.5	0.0	0.16367817
HRC.r1-1.EGA.GRCh37.chr22.haplotypes.47938227-47984010.vcf.VMV1	0.11860465	0.36744186	0.12790698	0.16627907	0.05581395	0.06046512	0.01046512	0.05697674	0.01627907	0.01162791	0.00813953	662290.0	model_412291	0.01	0.0	0.01	0.25	0.0	1.0	0.0001	leakyrelu	adam	CE	4.0	1.0	0.95	0.13479778
HRC.r1-1.EGA.GRCh37.chr22.haplotypes.47977305-47997223.vcf.VMV1	0.07086614	0.41732283	0.13385827	0.17322835	0.03674541	0.06036745	0.0183727	0.0656168	0.01049869	0.01049869	0.00262467	2280649.0	model_105650	1e-06	0.1	5.0	0.005	5.0	0.0	0.01	leakyrelu	adam	FL	2.0	0.5	0.0	0.12174971
HRC.r1-1.EGA.GRCh37.chr22.haplotypes.47994526-48212468.vcf.VMV1	0.09979101	0.40308255	0.10109718	0.15282132	0.0284744	0.0545977	0.0308255	0.05067921	0.02664577	0.0276907	0.02429467	5887107.0	model_112108	0.1	0.0	5.0	0.5	2.0	1.0	0.01	tanh	adam	CE	6.0	1.0	0.0	0.25675014
HRC.r1-1.EGA.GRCh37.chr22.haplotypes.48211536-48271933.vcf.VMV1	0.09269663	0.3258427	0.10580524	0.2088015	0.0505618	0.02902622	0.01029963	0.10018727	0.01872659	0.02808989	0.02996255	1444799.0	model_444800	0.1	0.0	5.0	0.5	4.0	1.0	0.1	sigmoid	adam	CE	2.0	0.5	0.0	0.2157723
HRC.r1-1.EGA.GRCh37.chr22.haplotypes.48270755-48483228.vcf.VMV1	0.10316563	0.34511023	0.1209723	0.16647824	0.03193895	0.06161673	0.04013567	0.05285472	0.02939514	0.02317694	0.02515546	6345006.0	model_495007	0.1	0.0	0.01	0.1	0.0	1.0	1e-05	leakyrelu	adam	FL	8.0	0.9	0.95	0.25695205
HRC.r1-1.EGA.GRCh37.chr22.haplotypes.48481930-48545564.vcf.VMV1	0.13357079	0.39804096	0.09884239	0.1682992	0.03116652	0.05253785	0.01335708	0.0284951	0.01424755	0.01424755	0.04719501	4297879.0	model_497880	0.01	0.0	0.0	0.25	0.0	1.0	0.0001	tanh	adam	CE	2.0	1.0	0.95	0.14339173
HRC.r1-1.EGA.GRCh37.chr22.haplotypes.48544452-48655318.vcf.VMV1	0.09066183	0.38939257	0.10244787	0.1582049	0.0344515	0.05258386	0.05213055	0.06210335	0.01858568	0.03263826	0.00679964	1562762.0	model_412763	0.1	0.0	0.0	0.25	0.0	1.0	0.1	tanh	adam	CE	6.0	0.2	0.5	0.21946609
HRC.r1-1.EGA.GRCh37.chr22.haplotypes.48652447-48705074.vcf.VMV1	0.10542797	0.36325678	0.11482255	0.1565762	0.03966597	0.03966597	0.03549061	0.06158664	0.03862213	0.02296451	0.02192067	2908909.0	model_233910	0.1	0.0	1.0	0.01	0.0	1.0	0.01	leakyrelu	adam	CE	6.0	0.4	0.0	0.2271909
HRC.r1-1.EGA.GRCh37.chr22.haplotypes.48701861-48742834.vcf.VMV1	0.10147992	0.35412262	0.15116279	0.14587738	0.02114165	0.03699789	0.03488372	0.06871036	0.04756871	0.0179704	0.02008457	2391112.0	model_366113	0.1	0.0	0.0	0.01	5.0	0.0	0.1	relu	adam	FL	8.0	0.9	0.0	0.19376282
HRC.r1-1.EGA.GRCh37.chr22.haplotypes.48741359-48749109.vcf.VMV1	0.12	0.37142857	0.11428571	0.14285714	0.04	0.06857143	0.02857143	0.07428571	0.02285714	0.01714286	0.0	1650896.0	model_125897	1e-08	0.1	0.001	0.01	5.0	0.0	0.001	leakyrelu	adam	CE	6.0	0.2	0.5	0.13261044
HRC.r1-1.EGA.GRCh37.chr22.haplotypes.48746729-48811484.vcf.VMV1	0.09916782	0.34535368	0.08460472	0.14355062	0.06865465	0.11303745	0.02496533	0.07489598	0.03744799	0.00762829	0.00069348	464773.0	model_414774	0.1	0.0	1.0	0.05	1.0	0.0	0.0001	leakyrelu	adam	CE	8.0	1.0	0.5	0.22720475
HRC.r1-1.EGA.GRCh37.chr22.haplotypes.48810256-48904953.vcf.VMV1	0.09278897	0.34252386	0.121421	0.14103924	0.05461294	0.0678685	0.01537646	0.07051962	0.03764581	0.04241782	0.01378579	773845.0	model_198846	0.1	0.0	1.0	0.1	4.0	0.0	0.0001	relu	adam	CE	8.0	0.9	0.95	0.35547787
HRC.r1-1.EGA.GRCh37.chr22.haplotypes.48903613-48974621.vcf.VMV1	0.1070901	0.35524372	0.11595273	0.15952733	0.03840473	0.07237814	0.04135894	0.02806499	0.03618907	0.03988183	0.00590842	1445006.0	model_495007	0.1	0.0	0.01	0.1	0.0	1.0	1e-05	leakyrelu	adam	FL	8.0	0.9	0.95	0.19814886
HRC.r1-1.EGA.GRCh37.chr22.haplotypes.48969449-49177949.vcf.VMV1	0.08562691	0.32175623	0.07841852	0.17321975	0.03735256	0.06771516	0.03429445	0.05504587	0.07164701	0.04041066	0.03451289	4104752.0	model_79753	0.1	0.0	5.0	0.5	5.0	0.0	0.1	relu	adam	CE	4.0	0.4	0.0	0.27394342
HRC.r1-1.EGA.GRCh37.chr22.haplotypes.49175454-49263884.vcf.VMV1	0.09897611	0.31968146	0.08418658	0.1513083	0.02502844	0.05403868	0.06598407	0.07963595	0.0403868	0.02673493	0.05403868	5653034.0	model_203035	0.1	0.0	0.0	0.05	0.0	0.0	0.001	leakyrelu	adam	CE	6.0	0.7	0.25	0.3166234
HRC.r1-1.EGA.GRCh37.chr22.haplotypes.49262361-49389005.vcf.VMV1	0.0967092	0.3307589	0.09503022	0.17427804	0.04264607	0.06548019	0.02988583	0.0644728	0.03559436	0.03089322	0.03425118	400083.0	model_84	0.1	0.0	0.01	0.01	0.0	1.0	0.0001	tanh	adam	CE	4.0	1.0	0.95	0.39073855
HRC.r1-1.EGA.GRCh37.chr22.haplotypes.49381052-49525259.vcf.VMV1	0.08338699	0.31068899	0.10270444	0.19768191	0.04668384	0.06825499	0.05698648	0.03380554	0.03573728	0.03219575	0.03187379	5066437.0	model_116438	0.1	0.0	1.0	0.5	1.0	0.0	0.1	relu	adam	FL	6.0	0.8	0.5	0.27923942
HRC.r1-1.EGA.GRCh37.chr22.haplotypes.49524152-49558705.vcf.VMV1	0.07795371	0.37393423	0.06211937	0.12667479	0.02436054	0.06455542	0.02557856	0.11693057	0.04628502	0.0182704	0.06333739	5648119.0	model_398120	0.1	0.0	1.0	0.005	4.0	0.0	0.1	relu	adam	FL	6.0	1.0	0.25	0.30757597
HRC.r1-1.EGA.GRCh37.chr22.haplotypes.49556863-49662703.vcf.VMV1	0.0911188	0.30949635	0.10688197	0.17108804	0.05113418	0.05651672	0.03844675	0.09265667	0.0165321	0.03767782	0.0284506	5985323.0	model_410324	0.1	0.0	0.01	0.01	5.0	1.0	0.001	tanh	adam	CE	2.0	1.0	0.95	0.30252016
HRC.r1-1.EGA.GRCh37.chr22.haplotypes.49657390-49753159.vcf.VMV1	0.09293194	0.32504363	0.10340314	0.19371728	0.04668412	0.03534031	0.04013962	0.06239092	0.04886562	0.03010471	0.02137871	837913.0	model_187914	0.1	0.0	5.0	0.5	0.5	1.0	0.01	relu	adam	CE	8.0	0.9	0.0	0.20018299
HRC.r1-1.EGA.GRCh37.chr22.haplotypes.49752120-49778749.vcf.VMV1	0.09059829	0.32820513	0.09230769	0.16410256	0.02051282	0.07521368	0.12478632	0.01709402	0.00512821	0.03931624	0.04273504	5005744.0	model_255745	0.1	0.0	5.0	0.01	5.0	0.0	1e-05	relu	adam	FL	4.0	1.0	0.95	0.2927488
HRC.r1-1.EGA.GRCh37.chr22.haplotypes.49777530-49802522.vcf.VMV1	0.06920415	0.29238754	0.10034602	0.21453287	0.02422145	0.01903114	0.03806228	0.07958478	0.08131488	0.0449827	0.03633218	2806997.0	model_156998	1e-08	0.0	0.001	0.01	0.0	1.0	0.0001	leakyrelu	adam	CE	8.0	0.9	0.5	0.2833959
HRC.r1-1.EGA.GRCh37.chr22.haplotypes.49800606-49841845.vcf.VMV1	0.12753278	0.33253874	0.10846246	0.15256257	0.03098927	0.03575685	0.05005959	0.06436234	0.02026222	0.03575685	0.04171633	2009348.0	model_159349	1e-07	0.0	0.0001	0.01	0.0	1.0	1e-05	leakyrelu	adam	CE	8.0	0.4	0.95	0.18390518
HRC.r1-1.EGA.GRCh37.chr22.haplotypes.49839415-49911601.vcf.VMV1	0.10097965	0.34890731	0.11906556	0.17332329	0.02863602	0.0587792	0.05651846	0.06330068	0.03240392	0.01582517	0.00226074	2645006.0	model_495007	0.1	0.0	0.01	0.1	0.0	1.0	1e-05	leakyrelu	adam	FL	8.0	0.9	0.95	0.1933532
HRC.r1-1.EGA.GRCh37.chr22.haplotypes.49911481-49928555.vcf.VMV1	0.10106383	0.35904255	0.1143617	0.12234043	0.08244681	0.05319149	0.02393617	0.0106383	0.04521277	0.06117021	0.02659574	4359944.0	model_234945	0.0	1e-08	0.001	0.05	4.0	1.0	1e-05	relu	adam	CE	8.0	0.6	0.95	0.27744114
HRC.r1-1.EGA.GRCh37.chr22.haplotypes.49927417-50110705.vcf.VMV1	0.08927039	0.36194564	0.12904149	0.18025751	0.04606581	0.05808298	0.04835479	0.03633763	0.02632332	0.01373391	0.01058655	2600490.0	model_450491	0.1	0.0	1.0	0.01	0.0	1.0	0.0001	tanh	adam	CE	6.0	1.0	0.95	0.25507838
HRC.r1-1.EGA.GRCh37.chr22.haplotypes.50108709-50351375.vcf.VMV1	0.08964049	0.35998108	0.10193945	0.18945128	0.04020814	0.06953642	0.05416272	0.05581835	0.03642384	0.00236518	0.00047304	4833013.0	model_358014	0.1	0.0	0.1	0.05	4.0	1.0	1e-05	sigmoid	adam	CE	8.0	0.7	0.95	0.28012243
HRC.r1-1.EGA.GRCh37.chr22.haplotypes.50350213-50935103.m414.1_50350235-50491042.VMV1	0.10931436	0.3835705	0.0847348	0.20504528	0.04463131	0.04204398	0.02005175	0.02005175	0.03040103	0.0148771	0.04527814	4511562.0	model_336563	0.1	0.0	0.0	0.005	2.0	0.0	0.01	sigmoid	adam	CE	4.0	1.0	0.0	0.2460483
HRC.r1-1.EGA.GRCh37.chr22.haplotypes.50350213-50935103.m414.2_50491042-50719613.VMV1	0.10229047	0.35294118	0.09994794	0.14003123	0.04060385	0.07626236	0.01978136	0.05830297	0.06533056	0.02056221	0.02394586	3300503.0	model_504	0.1	0.0	1.0	0.005	3.0	1.0	0.0001	relu	adam	CE	2.0	0.9	0.999	0.32189792
HRC.r1-1.EGA.GRCh37.chr22.haplotypes.50350213-50935103.m414.2_50719613-50935102.VMV1	0.10571429	0.37714286	0.12057143	0.16028571	0.03885714	0.06685714	0.018	0.02628571	0.02828571	0.04	0.018	605744.0	model_255745	0.1	0.0	5.0	0.01	5.0	0.0	1e-05	relu	adam	FL	4.0	1.0	0.95	0.26081085
HRC.r1-1.EGA.GRCh37.chr22.haplotypes.50933275-.vcf.VMV1	0.10728056	0.36380132	0.10024949	0.17282831	0.03651622	0.08822862	0.04332048	0.02200045	0.02562939	0.01701066	0.0231345	5730000.0	model_180001	0.1	0.0	0.01	0.005	0.0	1.0	0.01	sigmoid	adam	CE	6.0	1.0	0.5	0.25110573
