0	1	2
HRC.r1-1.EGA.GRCh37.chr22.haplotypes.17274081-17382360.vcf.VMV1	model_444800	0.2486865
HRC.r1-1.EGA.GRCh37.chr22.haplotypes.17365233-17413519.vcf.VMV1	model_475870	0.14001119
HRC.r1-1.EGA.GRCh37.chr22.haplotypes.17412748-17581941.vcf.VMV1	model_410631	0.26330796
HRC.r1-1.EGA.GRCh37.chr22.haplotypes.17578285-17676001.vcf.VMV1	model_410631	0.2722393
HRC.r1-1.EGA.GRCh37.chr22.haplotypes.17674645-17697516.vcf.VMV1	model_345064	0.20781569
HRC.r1-1.EGA.GRCh37.chr22.haplotypes.17696655-17719837.vcf.VMV1	model_345064	0.33052137
HRC.r1-1.EGA.GRCh37.chr22.haplotypes.17712994-17726586.vcf.VMV1	model_118884	0.119559444
HRC.r1-1.EGA.GRCh37.chr22.haplotypes.17723611-17739653.vcf.VMV1	model_59793	0.14078774
HRC.r1-1.EGA.GRCh37.chr22.haplotypes.17736723-17780611.vcf.VMV1	model_233563	0.121378586
HRC.r1-1.EGA.GRCh37.chr22.haplotypes.17769623-17825562.vcf.VMV1	model_394773	0.20489031
HRC.r1-1.EGA.GRCh37.chr22.haplotypes.17812810-17830923.vcf.VMV1	model_371701	0.11956772
HRC.r1-1.EGA.GRCh37.chr22.haplotypes.17828024-17866675.vcf.VMV1	model_398120	0.23203447
HRC.r1-1.EGA.GRCh37.chr22.haplotypes.17861267-17990729.vcf.VMV1	model_29942	0.27289304
HRC.r1-1.EGA.GRCh37.chr22.haplotypes.17989362-18261166.vcf.VMV1	model_112108	0.264432
HRC.r1-1.EGA.GRCh37.chr22.haplotypes.18256932-18270928.vcf.VMV1	model_234945	0.17958283
HRC.r1-1.EGA.GRCh37.chr22.haplotypes.18264115-18281874.vcf.VMV1	model_404356	0.10391425
HRC.r1-1.EGA.GRCh37.chr22.haplotypes.18273777-18494614.vcf.VMV1	model_410324	0.2845083
HRC.r1-1.EGA.GRCh37.chr22.haplotypes.18492306-18542104.vcf.VMV1	model_259028	0.24368353
HRC.r1-1.EGA.GRCh37.chr22.haplotypes.18541037-18562970.vcf.VMV1	model_394773	0.18805328
HRC.r1-1.EGA.GRCh37.chr22.haplotypes.18555863-18876474.vcf.VMV1	model_115361	0.16284004
HRC.r1-1.EGA.GRCh37.chr22.haplotypes.18654075-19132352.vcf.VMV1	model_338976	0.27105162
HRC.r1-1.EGA.GRCh37.chr22.haplotypes.19130866-19141076.vcf.VMV1	model_500285	0.17778087
HRC.r1-1.EGA.GRCh37.chr22.haplotypes.19138905-19146411.vcf.VMV1	model_335761	0.31056708
HRC.r1-1.EGA.GRCh37.chr22.haplotypes.19145438-19596421.m48_19145553-19482035.VMV1	model_111410	0.33120954
HRC.r1-1.EGA.GRCh37.chr22.haplotypes.19145438-19596421.m48_19355301-19596330.VMV1	model_426902	0.27039975
HRC.r1-1.EGA.GRCh37.chr22.haplotypes.19595429-19640301.vcf.VMV1	model_373095	0.2228603
HRC.r1-1.EGA.GRCh37.chr22.haplotypes.19639584-19718556.vcf.VMV1	model_187914	0.20873615
HRC.r1-1.EGA.GRCh37.chr22.haplotypes.19705857-19734486.vcf.VMV1	model_16976	0.10834859
HRC.r1-1.EGA.GRCh37.chr22.haplotypes.19732201-20228653.m56.1_19732210-19911923.VMV1	model_84	0.37649983
HRC.r1-1.EGA.GRCh37.chr22.haplotypes.19732201-20228653.m56.3_19911923-20228616.VMV1	model_84	0.47000152
HRC.r1-1.EGA.GRCh37.chr22.haplotypes.20227467-20247236.vcf.VMV1	model_238015	0.10126041
HRC.r1-1.EGA.GRCh37.chr22.haplotypes.20244994-20279040.vcf.VMV1	model_127034	0.17317899
HRC.r1-1.EGA.GRCh37.chr22.haplotypes.20277049-20294122.vcf.VMV1	model_338921	0.13728715
HRC.r1-1.EGA.GRCh37.chr22.haplotypes.20292848-20724058.vcf.VMV1	model_112922	0.08962587
HRC.r1-1.EGA.GRCh37.chr22.haplotypes.20718709-20956953.vcf.VMV1	model_84	0.4224417
HRC.r1-1.EGA.GRCh37.chr22.haplotypes.20949653-20968653.vcf.VMV1	model_394389	0.120222166
HRC.r1-1.EGA.GRCh37.chr22.haplotypes.20968016-21317546.vcf.VMV1	model_84	0.42632437
HRC.r1-1.EGA.GRCh37.chr22.haplotypes.21314949-21322994.vcf.VMV1	model_339254	0.13670565
HRC.r1-1.EGA.GRCh37.chr22.haplotypes.21321577-21343101.vcf.VMV1	model_434779	0.16734672
HRC.r1-1.EGA.GRCh37.chr22.haplotypes.21341298-21418006.vcf.VMV1	model_114120	0.2241974
HRC.r1-1.EGA.GRCh37.chr22.haplotypes.21416784-21458353.vcf.VMV1	model_373095	0.23737743
HRC.r1-1.EGA.GRCh37.chr22.haplotypes.21455817-21798629.vcf.VMV1	model_65983	0.09767901
HRC.r1-1.EGA.GRCh37.chr22.haplotypes.21465807-22360301.m82_21465835-22171436.VMV1	model_84	0.3555501
HRC.r1-1.EGA.GRCh37.chr22.haplotypes.21465807-22360301.m82_22071588-22360243.VMV1	model_43048	0.24519706
HRC.r1-1.EGA.GRCh37.chr22.haplotypes.22358167-22395394.vcf.VMV1	model_414858	0.2674213
HRC.r1-1.EGA.GRCh37.chr22.haplotypes.22394185-22404470.vcf.VMV1	model_234945	0.16266589
HRC.r1-1.EGA.GRCh37.chr22.haplotypes.22403663-22558099.vcf.VMV1	model_84	0.50450397
HRC.r1-1.EGA.GRCh37.chr22.haplotypes.22558052-22757397.vcf.VMV1	model_84	0.45747563
HRC.r1-1.EGA.GRCh37.chr22.haplotypes.22755820-22888255.vcf.VMV1	model_64366	0.42111313
HRC.r1-1.EGA.GRCh37.chr22.haplotypes.22886646-23022388.vcf.VMV1	model_43048	0.36182937
HRC.r1-1.EGA.GRCh37.chr22.haplotypes.23022266-23046640.vcf.VMV1	model_239182	0.28565392
HRC.r1-1.EGA.GRCh37.chr22.haplotypes.23045925-23154320.vcf.VMV1	model_226133	0.277085
HRC.r1-1.EGA.GRCh37.chr22.haplotypes.23152772-23221729.vcf.VMV1	model_394773	0.19117391
HRC.r1-1.EGA.GRCh37.chr22.haplotypes.23220882-23231515.vcf.VMV1	model_241595	0.1253959
HRC.r1-1.EGA.GRCh37.chr22.haplotypes.23230752-23288079.vcf.VMV1	model_190663	0.20194441
HRC.r1-1.EGA.GRCh37.chr22.haplotypes.23285473-23832540.m106.1_23285474-23584647.VMV1	model_84	0.2696055
HRC.r1-1.EGA.GRCh37.chr22.haplotypes.23285473-23832540.m106.2_23584647-23832509.VMV1	model_84	0.4336273
HRC.r1-1.EGA.GRCh37.chr22.haplotypes.23831416-23850214.vcf.VMV1	model_465817	0.29454005
HRC.r1-1.EGA.GRCh37.chr22.haplotypes.23849423-23877473.vcf.VMV1	model_358105	0.36612606
HRC.r1-1.EGA.GRCh37.chr22.haplotypes.23875209-23925605.vcf.VMV1	model_43048	0.19295414
HRC.r1-1.EGA.GRCh37.chr22.haplotypes.23923907-23935349.vcf.VMV1	model_257537	0.18037057
HRC.r1-1.EGA.GRCh37.chr22.haplotypes.23933215-24191066.vcf.VMV1	model_84	0.46632415
HRC.r1-1.EGA.GRCh37.chr22.haplotypes.24190064-24209904.vcf.VMV1	model_202535	0.27460104
HRC.r1-1.EGA.GRCh37.chr22.haplotypes.24209070-24407408.vcf.VMV1	model_450491	0.34134027
HRC.r1-1.EGA.GRCh37.chr22.haplotypes.24406135-24986247.m122_24406143-24765379.VMV1	model_378156	0.23989779
HRC.r1-1.EGA.GRCh37.chr22.haplotypes.24406135-24986247.m122_24643925-24986145.VMV1	model_84	0.45930967
HRC.r1-1.EGA.GRCh37.chr22.haplotypes.24980984-25283755.vcf.VMV1	model_406818	0.21892503
HRC.r1-1.EGA.GRCh37.chr22.haplotypes.25281649-25425421.vcf.VMV1	model_84	0.30546308
HRC.r1-1.EGA.GRCh37.chr22.haplotypes.25415310-25629529.vcf.VMV1	model_43048	0.41215482
HRC.r1-1.EGA.GRCh37.chr22.haplotypes.25628241-25647225.vcf.VMV1	model_234945	0.1499947
HRC.r1-1.EGA.GRCh37.chr22.haplotypes.25645064-25664034.vcf.VMV1	model_84	0.20670354
HRC.r1-1.EGA.GRCh37.chr22.haplotypes.25662368-26166548.m134.1_25662422-25814131.VMV1	model_84	0.34963349
HRC.r1-1.EGA.GRCh37.chr22.haplotypes.25662368-26166548.m134.2_25814131-26166425.VMV1	model_470316	0.2691862
HRC.r1-1.EGA.GRCh37.chr22.haplotypes.26164963-26282143.vcf.VMV1	model_255745	0.2919156
HRC.r1-1.EGA.GRCh37.chr22.haplotypes.26278573-26330422.vcf.VMV1	model_366113	0.26340145
HRC.r1-1.EGA.GRCh37.chr22.haplotypes.26329135-26355838.vcf.VMV1	model_401451	0.13825293
HRC.r1-1.EGA.GRCh37.chr22.haplotypes.26350402-26421209.vcf.VMV1	model_398120	0.22880425
HRC.r1-1.EGA.GRCh37.chr22.haplotypes.26420111-26458261.vcf.VMV1	model_64366	0.22303353
HRC.r1-1.EGA.GRCh37.chr22.haplotypes.26457208-26471102.vcf.VMV1	model_66475	0.1204028
HRC.r1-1.EGA.GRCh37.chr22.haplotypes.26467073-26738327.vcf.VMV1	model_84	0.42659393
HRC.r1-1.EGA.GRCh37.chr22.haplotypes.26737346-26793278.vcf.VMV1	model_420541	0.26956448
HRC.r1-1.EGA.GRCh37.chr22.haplotypes.26791772-27117935.vcf.VMV1	model_84	0.42594087
HRC.r1-1.EGA.GRCh37.chr22.haplotypes.27117120-27162414.vcf.VMV1	model_366113	0.1578878
HRC.r1-1.EGA.GRCh37.chr22.haplotypes.27160469-27183015.vcf.VMV1	model_481044	0.15901716
HRC.r1-1.EGA.GRCh37.chr22.haplotypes.27180051-27202752.vcf.VMV1	model_492132	0.20386423
HRC.r1-1.EGA.GRCh37.chr22.haplotypes.27196876-27211959.vcf.VMV1	model_464803	0.3729258
HRC.r1-1.EGA.GRCh37.chr22.haplotypes.27210838-27224300.vcf.VMV1	model_440390	0.18413612
HRC.r1-1.EGA.GRCh37.chr22.haplotypes.27222172-27299388.vcf.VMV1	model_444800	0.21382923
HRC.r1-1.EGA.GRCh37.chr22.haplotypes.27294018-27366336.vcf.VMV1	model_161233	0.2995791
HRC.r1-1.EGA.GRCh37.chr22.haplotypes.27365385-27405830.vcf.VMV1	model_269368	0.25079834
HRC.r1-1.EGA.GRCh37.chr22.haplotypes.27404370-27428893.vcf.VMV1	model_475870	0.16403843
HRC.r1-1.EGA.GRCh37.chr22.haplotypes.27427192-27533098.vcf.VMV1	model_159349	0.19369519
HRC.r1-1.EGA.GRCh37.chr22.haplotypes.27529267-27645022.vcf.VMV1	model_373584	0.22331113
HRC.r1-1.EGA.GRCh37.chr22.haplotypes.27643803-27657207.vcf.VMV1	model_367798	0.15331215
HRC.r1-1.EGA.GRCh37.chr22.haplotypes.27654931-27670616.vcf.VMV1	model_339104	0.21321224
HRC.r1-1.EGA.GRCh37.chr22.haplotypes.27670184-27682612.vcf.VMV1	model_426168	0.19424795
HRC.r1-1.EGA.GRCh37.chr22.haplotypes.27675349-27696962.vcf.VMV1	model_156321	0.19291109
HRC.r1-1.EGA.GRCh37.chr22.haplotypes.27693994-27774502.vcf.VMV1	model_255745	0.30066672
HRC.r1-1.EGA.GRCh37.chr22.haplotypes.27773509-27793322.vcf.VMV1	model_239625	0.2554206
HRC.r1-1.EGA.GRCh37.chr22.haplotypes.27792485-27836066.vcf.VMV1	model_134092	0.2571184
HRC.r1-1.EGA.GRCh37.chr22.haplotypes.27829613-27948628.vcf.VMV1	model_28218	0.23347892
HRC.r1-1.EGA.GRCh37.chr22.haplotypes.27940415-28149426.vcf.VMV1	model_84	0.4333618
HRC.r1-1.EGA.GRCh37.chr22.haplotypes.28144324-28168534.vcf.VMV1	model_345650	0.1327664
HRC.r1-1.EGA.GRCh37.chr22.haplotypes.28166665-28198163.vcf.VMV1	model_231256	0.095005564
HRC.r1-1.EGA.GRCh37.chr22.haplotypes.28191154-29457602.m198_28191192-28606789.VMV1	model_450491	0.24690345
HRC.r1-1.EGA.GRCh37.chr22.haplotypes.28191154-29457602.m198_28470509-29043563.VMV1	model_84	0.34502357
HRC.r1-1.EGA.GRCh37.chr22.haplotypes.28191154-29457602.m198_28898687-29404111.VMV1	model_84	0.3034558
HRC.r1-1.EGA.GRCh37.chr22.haplotypes.28191154-29457602.m198_29282303-29457582.VMV1	model_252702	0.28463507
HRC.r1-1.EGA.GRCh37.chr22.haplotypes.29456546-32665772.m200.1_29456671-29622806.VMV1	model_84	0.39989492
HRC.r1-1.EGA.GRCh37.chr22.haplotypes.29456546-32665772.m200.2_29622806-29651575.VMV1	model_365007	0.32947937
HRC.r1-1.EGA.GRCh37.chr22.haplotypes.29456546-32665772.m200.3_29651629-29995247.VMV1	model_84	0.4029625
HRC.r1-1.EGA.GRCh37.chr22.haplotypes.29456546-32665772.m200.3_29882186-30345274.VMV1	model_84	0.31659177
HRC.r1-1.EGA.GRCh37.chr22.haplotypes.29456546-32665772.m200.3_30236109-30646938.VMV1	model_84	0.26226082
HRC.r1-1.EGA.GRCh37.chr22.haplotypes.29456546-32665772.m200.4_30646941-30955207.VMV1	model_84	0.4579667
HRC.r1-1.EGA.GRCh37.chr22.haplotypes.29456546-32665772.m200.5_30955207-31062848.VMV1	model_363518	0.28887734
HRC.r1-1.EGA.GRCh37.chr22.haplotypes.29456546-32665772.m200.6_31062848-31271028.VMV1	model_492184	0.28876916
HRC.r1-1.EGA.GRCh37.chr22.haplotypes.29456546-32665772.m200.7_31271028-31438756.VMV1	model_310748	0.26835665
HRC.r1-1.EGA.GRCh37.chr22.haplotypes.29456546-32665772.m200.7_31438769-31816474.VMV1	model_84	0.25735575
HRC.r1-1.EGA.GRCh37.chr22.haplotypes.29456546-32665772.m200.7_31678959-32155148.VMV1	model_111410	0.3051121
HRC.r1-1.EGA.GRCh37.chr22.haplotypes.29456546-32665772.m200.7_32046953-32508140.VMV1	model_84	0.32128352
HRC.r1-1.EGA.GRCh37.chr22.haplotypes.29456546-32665772.m200.7_32383369-32665768.VMV1	model_111410	0.34147623
HRC.r1-1.EGA.GRCh37.chr22.haplotypes.32664426-32829519.vcf.VMV1	model_255745	0.36178118
HRC.r1-1.EGA.GRCh37.chr22.haplotypes.32827695-32919975.vcf.VMV1	model_406818	0.20446315
HRC.r1-1.EGA.GRCh37.chr22.haplotypes.32916896-32951976.vcf.VMV1	model_410631	0.2579429
HRC.r1-1.EGA.GRCh37.chr22.haplotypes.32950430-33000884.vcf.VMV1	model_145900	0.24397022
HRC.r1-1.EGA.GRCh37.chr22.haplotypes.33000623-33507789.m210.1_33000719-33122890.VMV1	model_455035	0.2345217
HRC.r1-1.EGA.GRCh37.chr22.haplotypes.33000623-33507789.m210.2_33122890-33507745.VMV1	model_150111	0.30346543
HRC.r1-1.EGA.GRCh37.chr22.haplotypes.33506693-33517660.vcf.VMV1	model_59521	0.12337054
HRC.r1-1.EGA.GRCh37.chr22.haplotypes.33510715-33899071.m214.1_33510771-33655304.VMV1	model_156998	0.33686265
HRC.r1-1.EGA.GRCh37.chr22.haplotypes.33510715-33899071.m214.3_33655304-33899020.VMV1	model_406818	0.22780876
HRC.r1-1.EGA.GRCh37.chr22.haplotypes.33898142-33968692.vcf.VMV1	model_255745	0.26819995
HRC.r1-1.EGA.GRCh37.chr22.haplotypes.33967127-34068571.vcf.VMV1	model_302760	0.24280052
HRC.r1-1.EGA.GRCh37.chr22.haplotypes.34066615-34358064.vcf.VMV1	model_84	0.24108833
HRC.r1-1.EGA.GRCh37.chr22.haplotypes.34355524-35375863.m222.1_34355631-34494343.VMV1	model_467452	0.30969632
HRC.r1-1.EGA.GRCh37.chr22.haplotypes.34355524-35375863.m222.2_34494343-34799391.VMV1	model_84	0.35532862
HRC.r1-1.EGA.GRCh37.chr22.haplotypes.34355524-35375863.m222.3_34799391-34985384.VMV1	model_313590	0.33899415
HRC.r1-1.EGA.GRCh37.chr22.haplotypes.34355524-35375863.m222.4_34985384-35139590.VMV1	model_74914	0.29987866
HRC.r1-1.EGA.GRCh37.chr22.haplotypes.34355524-35375863.m222.5_35139590-35375847.VMV1	model_43048	0.31461838
HRC.r1-1.EGA.GRCh37.chr22.haplotypes.35371477-35401965.vcf.VMV1	model_366113	0.22714306
HRC.r1-1.EGA.GRCh37.chr22.haplotypes.35401098-35866115.m226.1_35401126-35531655.VMV1	model_203035	0.3186813
HRC.r1-1.EGA.GRCh37.chr22.haplotypes.35401098-35866115.m226.3_35531655-35865944.VMV1	model_43048	0.29387125
HRC.r1-1.EGA.GRCh37.chr22.haplotypes.35863936-35891148.vcf.VMV1	model_346665	0.16555133
HRC.r1-1.EGA.GRCh37.chr22.haplotypes.35889385-36091901.vcf.VMV1	model_84	0.3065027
HRC.r1-1.EGA.GRCh37.chr22.haplotypes.36090727-36137238.vcf.VMV1	model_471413	0.2963059
HRC.r1-1.EGA.GRCh37.chr22.haplotypes.36134082-36637749.m234.1_36134094-36456232.VMV1	model_495007	0.24058077
HRC.r1-1.EGA.GRCh37.chr22.haplotypes.36134082-36637749.m234.2_36456232-36637715.VMV1	model_180001	0.26520038
HRC.r1-1.EGA.GRCh37.chr22.haplotypes.36635238-36668533.vcf.VMV1	model_273262	0.20252323
HRC.r1-1.EGA.GRCh37.chr22.haplotypes.36666654-36942933.vcf.VMV1	model_43048	0.31978583
HRC.r1-1.EGA.GRCh37.chr22.haplotypes.36942051-36954003.vcf.VMV1	model_386832	0.15284397
HRC.r1-1.EGA.GRCh37.chr22.haplotypes.36952057-37003813.vcf.VMV1	model_64495	0.14870381
HRC.r1-1.EGA.GRCh37.chr22.haplotypes.37002516-37080626.vcf.VMV1	model_495007	0.23071885
HRC.r1-1.EGA.GRCh37.chr22.haplotypes.37075556-37247864.vcf.VMV1	model_84	0.35146624
HRC.r1-1.EGA.GRCh37.chr22.haplotypes.37246861-37366272.vcf.VMV1	model_410631	0.24786119
HRC.r1-1.EGA.GRCh37.chr22.haplotypes.37364853-37544295.vcf.VMV1	model_84	0.39249867
HRC.r1-1.EGA.GRCh37.chr22.haplotypes.37542959-37562128.vcf.VMV1	model_76908	0.16135672
HRC.r1-1.EGA.GRCh37.chr22.haplotypes.37559474-37570526.vcf.VMV1	model_328318	0.2141211
HRC.r1-1.EGA.GRCh37.chr22.haplotypes.37569728-37682175.vcf.VMV1	model_275433	0.22588709
HRC.r1-1.EGA.GRCh37.chr22.haplotypes.37681249-37717247.vcf.VMV1	model_405401	0.18494041
HRC.r1-1.EGA.GRCh37.chr22.haplotypes.37716383-37784369.vcf.VMV1	model_444800	0.20776536
HRC.r1-1.EGA.GRCh37.chr22.haplotypes.37782597-37938317.vcf.VMV1	model_84	0.34869364
HRC.r1-1.EGA.GRCh37.chr22.haplotypes.37936887-37977701.vcf.VMV1	model_311263	0.23589881
HRC.r1-1.EGA.GRCh37.chr22.haplotypes.37976606-38717039.m266.1_37976619-38289525.VMV1	model_84	0.40145266
HRC.r1-1.EGA.GRCh37.chr22.haplotypes.37976606-38717039.m266.1_38177839-38504548.VMV1	model_492184	0.24000493
HRC.r1-1.EGA.GRCh37.chr22.haplotypes.37976606-38717039.m266.1_38504619-38716953.VMV1	model_84	0.23736197
HRC.r1-1.EGA.GRCh37.chr22.haplotypes.38708556-38866010.vcf.VMV1	model_252702	0.22849521
HRC.r1-1.EGA.GRCh37.chr22.haplotypes.38863733-39314260.vcf.VMV1	model_84	0.2828581
HRC.r1-1.EGA.GRCh37.chr22.haplotypes.39306355-39364120.vcf.VMV1	model_391389	0.20035012
HRC.r1-1.EGA.GRCh37.chr22.haplotypes.39361872-39411182.vcf.VMV1	model_288921	0.13713197
HRC.r1-1.EGA.GRCh37.chr22.haplotypes.39409972-39575770.vcf.VMV1	model_84	0.32358804
HRC.r1-1.EGA.GRCh37.chr22.haplotypes.39573944-40103038.m278.1_39573966-39657773.VMV1	model_411644	0.2677541
HRC.r1-1.EGA.GRCh37.chr22.haplotypes.39573944-40103038.m278.2_39657773-39861465.VMV1	model_84	0.22974533
HRC.r1-1.EGA.GRCh37.chr22.haplotypes.39573944-40103038.m278.3_39861465-40103012.VMV1	model_84	0.3404873
HRC.r1-1.EGA.GRCh37.chr22.haplotypes.40092051-42875499.m280.1_40092165-40375398.VMV1	model_412291	0.13872263
HRC.r1-1.EGA.GRCh37.chr22.haplotypes.40092051-42875499.m280.2_40375509-40762017.VMV1	model_84	0.27338627
HRC.r1-1.EGA.GRCh37.chr22.haplotypes.40092051-42875499.m280.2_40624808-41151084.VMV1	model_201770	0.28213927
HRC.r1-1.EGA.GRCh37.chr22.haplotypes.40092051-42875499.m280.2_41031603-41535436.VMV1	model_150111	0.29593018
HRC.r1-1.EGA.GRCh37.chr22.haplotypes.40092051-42875499.m280.2_41411938-41906486.VMV1	model_84	0.29861146
HRC.r1-1.EGA.GRCh37.chr22.haplotypes.40092051-42875499.m280.2_41778714-42281429.VMV1	model_84	0.3576565
HRC.r1-1.EGA.GRCh37.chr22.haplotypes.40092051-42875499.m280.2_42153097-42618669.VMV1	model_84	0.35386884
HRC.r1-1.EGA.GRCh37.chr22.haplotypes.40092051-42875499.m280.2_42517789-42690720.VMV1	model_412763	0.2618053
HRC.r1-1.EGA.GRCh37.chr22.haplotypes.40092051-42875499.m280.2_42690774-42875480.VMV1	model_226024	0.24798313
HRC.r1-1.EGA.GRCh37.chr22.haplotypes.42870284-43572387.m282.1_42870315-43155557.VMV1	model_410324	0.22147986
HRC.r1-1.EGA.GRCh37.chr22.haplotypes.42870284-43572387.m282.3_43155564-43447239.VMV1	model_84	0.29209816
HRC.r1-1.EGA.GRCh37.chr22.haplotypes.42870284-43572387.m282.3_43348478-43572378.VMV1	model_444800	0.20775521
HRC.r1-1.EGA.GRCh37.chr22.haplotypes.43571251-43649182.vcf.VMV1	model_398120	0.2942816
HRC.r1-1.EGA.GRCh37.chr22.haplotypes.43647158-44295927.m286.1_43647212-43767699.VMV1	model_450491	0.30798316
HRC.r1-1.EGA.GRCh37.chr22.haplotypes.43647158-44295927.m286.1_43767770-44063225.VMV1	model_84	0.4697811
HRC.r1-1.EGA.GRCh37.chr22.haplotypes.43647158-44295927.m286.1_43959454-44295890.VMV1	model_410324	0.30735353
HRC.r1-1.EGA.GRCh37.chr22.haplotypes.44294450-44323776.vcf.VMV1	model_444800	0.20769863
HRC.r1-1.EGA.GRCh37.chr22.haplotypes.44319247-44415942.vcf.VMV1	model_444800	0.2727433
HRC.r1-1.EGA.GRCh37.chr22.haplotypes.44412962-44502416.vcf.VMV1	model_134092	0.19362816
HRC.r1-1.EGA.GRCh37.chr22.haplotypes.44497113-44524233.vcf.VMV1	model_492132	0.15929326
HRC.r1-1.EGA.GRCh37.chr22.haplotypes.44522997-44664379.vcf.VMV1	model_84	0.35641542
HRC.r1-1.EGA.GRCh37.chr22.haplotypes.44660235-44694863.vcf.VMV1	model_354902	0.2179245
HRC.r1-1.EGA.GRCh37.chr22.haplotypes.44692579-44698898.vcf.VMV1	model_410907	0.1346861
HRC.r1-1.EGA.GRCh37.chr22.haplotypes.44697511-44724496.vcf.VMV1	model_355283	0.2231152
HRC.r1-1.EGA.GRCh37.chr22.haplotypes.44722366-44820853.vcf.VMV1	model_347235	0.22287756
HRC.r1-1.EGA.GRCh37.chr22.haplotypes.44818943-44996267.vcf.VMV1	model_84	0.40067315
HRC.r1-1.EGA.GRCh37.chr22.haplotypes.44993629-45000341.vcf.VMV1	model_13511	0.121220276
HRC.r1-1.EGA.GRCh37.chr22.haplotypes.44999102-45149292.vcf.VMV1	model_84	0.37583554
HRC.r1-1.EGA.GRCh37.chr22.haplotypes.45148274-45169423.vcf.VMV1	model_367798	0.19799618
HRC.r1-1.EGA.GRCh37.chr22.haplotypes.45168270-45268110.vcf.VMV1	model_84	0.3684005
HRC.r1-1.EGA.GRCh37.chr22.haplotypes.45266330-45446695.vcf.VMV1	model_43048	0.26994336
HRC.r1-1.EGA.GRCh37.chr22.haplotypes.45442662-45458809.vcf.VMV1	model_323577	0.27011153
HRC.r1-1.EGA.GRCh37.chr22.haplotypes.45456773-45657923.vcf.VMV1	model_406818	0.25631055
HRC.r1-1.EGA.GRCh37.chr22.haplotypes.45656682-45858187.vcf.VMV1	model_84	0.42987412
HRC.r1-1.EGA.GRCh37.chr22.haplotypes.45855070-45897834.vcf.VMV1	model_398120	0.2538409
HRC.r1-1.EGA.GRCh37.chr22.haplotypes.45896763-45951930.vcf.VMV1	model_398120	0.20804484
HRC.r1-1.EGA.GRCh37.chr22.haplotypes.45947135-45974835.vcf.VMV1	model_186455	0.16214143
HRC.r1-1.EGA.GRCh37.chr22.haplotypes.45970493-46357165.m330.1_45970536-46279523.VMV1	model_84	0.29072824
HRC.r1-1.EGA.GRCh37.chr22.haplotypes.45970493-46357165.m330.2_46279523-46357151.VMV1	model_328782	0.19955072
HRC.r1-1.EGA.GRCh37.chr22.haplotypes.46352270-46514293.vcf.VMV1	model_183606	0.26161712
HRC.r1-1.EGA.GRCh37.chr22.haplotypes.46512572-46577053.vcf.VMV1	model_398120	0.1723649
HRC.r1-1.EGA.GRCh37.chr22.haplotypes.46570977-46836072.vcf.VMV1	model_64221	0.24213293
HRC.r1-1.EGA.GRCh37.chr22.haplotypes.46833608-46915616.vcf.VMV1	model_275433	0.20729508
HRC.r1-1.EGA.GRCh37.chr22.haplotypes.46914025-46927665.vcf.VMV1	model_243762	0.37074265
HRC.r1-1.EGA.GRCh37.chr22.haplotypes.46927522-47109299.vcf.VMV1	model_84	0.26031768
HRC.r1-1.EGA.GRCh37.chr22.haplotypes.47106757-47298929.vcf.VMV1	model_201770	0.25360268
HRC.r1-1.EGA.GRCh37.chr22.haplotypes.47298271-47447293.vcf.VMV1	model_387761	0.2691953
HRC.r1-1.EGA.GRCh37.chr22.haplotypes.47446290-47494527.vcf.VMV1	model_385943	0.22875425
HRC.r1-1.EGA.GRCh37.chr22.haplotypes.47492624-47568247.vcf.VMV1	model_64366	0.16347988
HRC.r1-1.EGA.GRCh37.chr22.haplotypes.47567114-47599826.vcf.VMV1	model_151596	0.20111994
HRC.r1-1.EGA.GRCh37.chr22.haplotypes.47574801-47657192.vcf.VMV1	model_276172	0.20978987
HRC.r1-1.EGA.GRCh37.chr22.haplotypes.47654310-47830405.vcf.VMV1	model_450491	0.196114
HRC.r1-1.EGA.GRCh37.chr22.haplotypes.47828616-47939639.vcf.VMV1	model_444800	0.16367817
HRC.r1-1.EGA.GRCh37.chr22.haplotypes.47938227-47984010.vcf.VMV1	model_412291	0.13479778
HRC.r1-1.EGA.GRCh37.chr22.haplotypes.47977305-47997223.vcf.VMV1	model_105650	0.12174971
HRC.r1-1.EGA.GRCh37.chr22.haplotypes.47994526-48212468.vcf.VMV1	model_112108	0.25675014
HRC.r1-1.EGA.GRCh37.chr22.haplotypes.48211536-48271933.vcf.VMV1	model_444800	0.2157723
HRC.r1-1.EGA.GRCh37.chr22.haplotypes.48270755-48483228.vcf.VMV1	model_495007	0.25695205
HRC.r1-1.EGA.GRCh37.chr22.haplotypes.48481930-48545564.vcf.VMV1	model_497880	0.14339173
HRC.r1-1.EGA.GRCh37.chr22.haplotypes.48544452-48655318.vcf.VMV1	model_412763	0.21946609
HRC.r1-1.EGA.GRCh37.chr22.haplotypes.48652447-48705074.vcf.VMV1	model_233910	0.2271909
HRC.r1-1.EGA.GRCh37.chr22.haplotypes.48701861-48742834.vcf.VMV1	model_366113	0.19376282
HRC.r1-1.EGA.GRCh37.chr22.haplotypes.48741359-48749109.vcf.VMV1	model_125897	0.13261044
HRC.r1-1.EGA.GRCh37.chr22.haplotypes.48746729-48811484.vcf.VMV1	model_414774	0.22720475
HRC.r1-1.EGA.GRCh37.chr22.haplotypes.48810256-48904953.vcf.VMV1	model_198846	0.35547787
HRC.r1-1.EGA.GRCh37.chr22.haplotypes.48903613-48974621.vcf.VMV1	model_495007	0.19814886
HRC.r1-1.EGA.GRCh37.chr22.haplotypes.48969449-49177949.vcf.VMV1	model_79753	0.27394342
HRC.r1-1.EGA.GRCh37.chr22.haplotypes.49175454-49263884.vcf.VMV1	model_203035	0.3166234
HRC.r1-1.EGA.GRCh37.chr22.haplotypes.49262361-49389005.vcf.VMV1	model_84	0.39073855
HRC.r1-1.EGA.GRCh37.chr22.haplotypes.49381052-49525259.vcf.VMV1	model_116438	0.27923942
HRC.r1-1.EGA.GRCh37.chr22.haplotypes.49524152-49558705.vcf.VMV1	model_398120	0.30757597
HRC.r1-1.EGA.GRCh37.chr22.haplotypes.49556863-49662703.vcf.VMV1	model_410324	0.30252016
HRC.r1-1.EGA.GRCh37.chr22.haplotypes.49657390-49753159.vcf.VMV1	model_187914	0.20018299
HRC.r1-1.EGA.GRCh37.chr22.haplotypes.49752120-49778749.vcf.VMV1	model_255745	0.2927488
HRC.r1-1.EGA.GRCh37.chr22.haplotypes.49777530-49802522.vcf.VMV1	model_156998	0.2833959
HRC.r1-1.EGA.GRCh37.chr22.haplotypes.49800606-49841845.vcf.VMV1	model_159349	0.18390518
HRC.r1-1.EGA.GRCh37.chr22.haplotypes.49839415-49911601.vcf.VMV1	model_495007	0.1933532
HRC.r1-1.EGA.GRCh37.chr22.haplotypes.49911481-49928555.vcf.VMV1	model_234945	0.27744114
HRC.r1-1.EGA.GRCh37.chr22.haplotypes.49927417-50110705.vcf.VMV1	model_450491	0.25507838
HRC.r1-1.EGA.GRCh37.chr22.haplotypes.50108709-50351375.vcf.VMV1	model_358014	0.28012243
HRC.r1-1.EGA.GRCh37.chr22.haplotypes.50350213-50935103.m414.1_50350235-50491042.VMV1	model_336563	0.2460483
HRC.r1-1.EGA.GRCh37.chr22.haplotypes.50350213-50935103.m414.2_50491042-50719613.VMV1	model_504	0.32189792
HRC.r1-1.EGA.GRCh37.chr22.haplotypes.50350213-50935103.m414.2_50719613-50935102.VMV1	model_255745	0.26081085
HRC.r1-1.EGA.GRCh37.chr22.haplotypes.50933275-.vcf.VMV1	model_180001	0.25110573
